章节,标题,戏曲名
第一出,标目,牡丹亭
第二出,言怀,牡丹亭
第三出,训女,牡丹亭
第四出,腐叹,牡丹亭
第五出,延师,牡丹亭
第六出,怅眺,牡丹亭
第七出,闺塾,牡丹亭
第八出,劝农,牡丹亭
第九出,肃苑,牡丹亭
第十出,惊梦,牡丹亭
第十一出,慈戒,牡丹亭
第十二出,寻梦,牡丹亭
第十三出,诀谒,牡丹亭
第十四出,写真,牡丹亭
第十五出,虏踪,牡丹亭
第十六出,诘病,牡丹亭
第十七出,道觋,牡丹亭
第十八出,诊祟,牡丹亭
第十九出,牝贼,牡丹亭
第二十出,闹殇,牡丹亭
第二十一出,谒遇,牡丹亭
第二十二出,旅寄,牡丹亭
第二十三出,冥判,牡丹亭
第二十四出,拾画,牡丹亭
第二十五出,忆女,牡丹亭
第二十六出,玩真,牡丹亭
第二十七出,魂游,牡丹亭
第二十八出,幽媾,牡丹亭
第二十九出,旁疑,牡丹亭
第三十出,欢挠,牡丹亭
第三十一出,缮备,牡丹亭
第三十二出,冥誓,牡丹亭
第三十三出,秘议,牡丹亭
第三十四出,诇药,牡丹亭
第三十五出,回生,牡丹亭
第三十六出,婚走,牡丹亭
第三十七出,骇变,牡丹亭
第三十八出,淮警,牡丹亭
第三十九出,如杭,牡丹亭
第四十出,仆侦,牡丹亭
第四十一出,耽试,牡丹亭
第四十二出,移镇,牡丹亭
第四十三出,御淮,牡丹亭
第四十四出,急难,牡丹亭
第四十五出,寇间,牡丹亭
第四十六出,折寇,牡丹亭
第四十七出,围释,牡丹亭
第四十八出,遇母,牡丹亭
第四十九出,淮泊,牡丹亭
第五十出,闹宴,牡丹亭
第五十一出,榜下,牡丹亭
第五十二出,索元,牡丹亭
第五十三出,硬拷,牡丹亭
第五十四出,闻喜,牡丹亭
第五十五出,圆驾,牡丹亭
