序号,剧本,出,曲牌,是否前腔,曲牌序号,色彩,色彩全字,色彩类型
1,紫钗记,第一出,西江月,否,1,红,点缀红泉旧,点缀红泉旧本,正文
2,紫钗记,第一出,沁园春,否,2,黄,黄衣客,黄衣客强合鞋儿梦,下场诗
2,紫钗记,第一出,沁园春,否,2,黄,黄衣客,黄衣客、回生起死,正文
0,紫钗记,第二出,珍珠帘,否,3
3,紫钗记,第二出,青玉案,否,4,青,青玉案,青玉案,曲牌
3,紫钗记,第二出,青玉案,否,4,青,拂旧青衿 ,殷勤洗拂旧青衿,正文
3,紫钗记,第二出,青玉案,否,4,红,红香艺,红香艺苑,正文
3,紫钗记,第二出,青玉案,否,4,紫,紫臭时,紫臭时流,正文
0,紫钗记,第二出,贺圣朝,否,5
4,紫钗记,第二出,玉芙蓉,否,6,青, 青韶印,青韶印,正文
5,紫钗记,第二出,玉芙蓉,是,7,黄, 黄云正,黄云正朔新,正文
6,紫钗记,第二出,簇御林,否,8,金,要换金紫荷,要换金紫荷衣,正文
6,紫钗记,第二出,簇御林,否,8,紫,换金紫荷衣,要换金紫荷衣,正文
6,紫钗记,第二出,簇御林,否,8,青,草树青回嫩,报 闲庭草树青回嫩,正文
6,紫钗记,第二出,簇御林,否,8,青,致身青云上,豪杰自当致身青云上,正文
0,紫钗记,第二出,簇御林,是,9
7,紫钗记,第二出,尾声,否,10,黄, 眉黄喜入,你 眉黄喜入春多分,正文
0,紫钗记,第三出,满宫花,否,11
8,紫钗记,第三出,蝶恋花,否,12,青,只愁青帝无,只愁青帝无凭准,正文
8,紫钗记,第三出,蝶恋花,否,12,金,荐涂金之席,大国荐涂金之席,正文
8,紫钗记,第三出,蝶恋花,否,12,翠,分翠叶之,分翠叶之双蛾；北地燕脂,正文
8,紫钗记,第三出,蝶恋花,否,12,紫,爱戴紫玉燕,爱戴紫玉燕钗,正文
9,紫钗记,第三出,满宫花后,否,13,红, 红罗先,红罗先绣踏青鞋,正文
9,紫钗记,第三出,满宫花后,否,13,青,绣踏青鞋,红罗先绣踏青鞋,正文
9,紫钗记,第三出,满宫花后,否,13,绿,池开绿,冰破池开绿,正文
10,紫钗记,第三出,绵搭絮,否,14,粉,画粉银屏,画粉银屏,正文
10,紫钗记,第三出,绵搭絮,否,14,银,画粉银屏,画粉银屏,正文
10,紫钗记,第三出,绵搭絮,否,14,翠,得 翠帏人,那管得 翠帏人老,正文
11,紫钗记,第三出,绵搭絮,是,15,红, 晕红潮,微酒 晕红潮,正文
12,紫钗记,第三出,绵搭絮,是,16,金,子钿金钏,新妆燕子钿金钏,正文
12,紫钗记,第三出,绵搭絮,是,16,红,红袖相,红袖相招,正文
12,紫钗记,第三出,绵搭絮,是,16,金,赏万金蚨 ,酬赏万金蚨,正文
12,紫钗记,第三出,绵搭絮,是,16,翠, 拾翠闲行,无人处和你、 拾翠闲行,正文
12,紫钗记,第三出,绵搭絮,是,16,翠, 淡翠眉峰,你 淡翠眉峰镇自描,正文
13,紫钗记,第三出,绵搭絮,是,17,红,红莹 ,红莹 水晶条,正文
13,紫钗记,第三出,绵搭絮,是,17,金,钗头金步摇,点缀钗头金步摇,正文
13,紫钗记,第三出,绵搭絮,是,17,翠,翠插云,翠插云翘,正文
14,紫钗记,第三出,尾声,否,18,金,还把金针凤,还把金针凤眼挑,正文
15,紫钗记,第四出,祝英台近,否,19,翠, 翠屏闲,翠屏闲,正文
15,紫钗记,第四出,祝英台近,否,19,青,青镜冷,青镜冷,正文
16,紫钗记,第四出,少年游,否,20,红,红泪覆,红泪覆鲛绡,正文
16,紫钗记,第四出,少年游,否,20,金,遗赠金帛不,遗赠金帛不计,正文
17,紫钗记,第四出,唐多令,否,21,翠,翠宿香,翠宿香梢未肯消,正文
17,紫钗记,第四出,唐多令,否,21,青,青门近,青门近狭斜,正文
17,紫钗记,第四出,唐多令,否,21,粉,半露粉红帘,半露粉红帘下,正文
17,紫钗记,第四出,唐多令,否,21,红,露粉红帘下,半露粉红帘下,正文
18,紫钗记,第四出,祝英台,否,22,金,时时金帛见,你时时金帛见遗,正文
18,紫钗记,第四出,祝英台,否,22,金,笑千金 ,俺也曾 一笑千金,正文
18,紫钗记,第四出,祝英台,否,22,红,一曲红绡 ,一曲红绡,正文
0,紫钗记,第四出,祝英台,是,23
0,紫钗记,第四出,祝英台,是,24
19,紫钗记,第四出,祝英台,是,25,红, 缕红丝 ,这一 缕红丝,正文
20,紫钗记,第四出,尾声,否,26,紫,紫陌花,紫陌花灯涌暗尘,下场诗
20,紫钗记,第四出,尾声,否,26,白,今表白俺 ,从今表白俺 衷情话,正文
21,紫钗记,第五出,点绛唇,否,27,金,金锁通,金锁通宵启玉京,正文
21,紫钗记,第五出,点绛唇,否,27,紫,紫馆风,紫馆风微鹤焰平,正文
21,紫钗记,第五出,点绛唇,否,27,金,正是金吾不,正是金吾不禁夜,正文
22,紫钗记,第五出,玩仙灯,否,28,红,占断红妆宴,早占断红妆宴,正文
0,紫钗记,第五出,玩仙灯,是,29
23,紫钗记,第五出,忆秦娥,否,30,红,红妆索,红妆索向千莲照,正文
23,紫钗记,第五出,忆秦娥,否,30,金,隐千金笑,笙歌欲隐千金笑,正文
23,紫钗记,第五出,忆秦娥,否,30,金,千金笑,笙歌欲隐千金笑,正文
24,紫钗记,第五出,忒忒令,否,31,红,道是红云拥,畅道是红云拥,正文
24,紫钗记,第五出,忒忒令,否,31,翠,翠华偏,翠华偏,正文
0,紫钗记,第五出,忒忒令,是,32
0,紫钗记,第五出,忒忒令,是,33
25,紫钗记,第五出,尾声,否,34,金,金屋何,金屋何能闭阿娇,下场诗
25,紫钗记,第五出,尾声,否,34,银,银汉斜,银汉斜通宛转桥,下场诗
0,紫钗记,第六出,凤凰阁引,否,35
0,紫钗记,第六出,园林好,否,36
26,紫钗记,第六出,园林好,是,37,黄,里个黄衫大,那里个黄衫大汉,正文
26,紫钗记,第六出,园林好,是,37,白,一匹白马来,一匹白马来也,正文
27,紫钗记,第六出,园林好,是,38,黄,豪士黄衫拥,（豪士黄衫拥胡奴二三人走马上,括号
27,紫钗记,第六出,园林好,是,38,黄,黄衫豪,黄衫豪客是也,正文
0,紫钗记,第六出,园林好,是,39
28,紫钗记,第六出,园林好,是,40,翠,珠帘翠瓦,光滟潋珠帘翠瓦,正文
29,紫钗记,第六出,江儿水,否,41,黄, 淡黄昏,则道是 淡黄昏,正文
29,紫钗记,第六出,江儿水,否,41,红,红妆掩,红妆掩映前还怯,正文
30,紫钗记,第六出,江儿水,是,42,红,过 红围拥,止不过 红围拥,正文
30,紫钗记,第六出,江儿水,是,42,翠,翠阵遮,翠阵遮,正文
31,紫钗记,第六出,玉交枝,否,43,翠,拾翠花前,拾翠花前,正文
31,紫钗记,第六出,玉交枝,否,43,金,不怕金莲踅,你步 香街不怕金莲踅,正文
32,紫钗记,第六出,玉交枝,是,44,金,直千金也,咱钗直千金也,正文
32,紫钗记,第六出,玉交枝,是,44,金,会千金也,此会千金也,正文
32,紫钗记,第六出,玉交枝,是,44,金, 千金一笑,道 千金一笑相逢夜,正文
32,紫钗记,第六出,玉交枝,是,44,蓝, 近蓝桥那,似 近蓝桥那般欢惬,正文
0,紫钗记,第六出,川拨棹,否,45
0,紫钗记,第六出,川拨棹,是,46
0,紫钗记,第六出,尾声,否,47
33,紫钗记,第六出,玉楼春,否,48,红,烛花红,他 归时遥映烛花红,正文
0,紫钗记,第六出,玉楼春后,否,49
34,紫钗记,第六出,六犯清音,否,50,金,千金一刻,千金一刻,正文
34,紫钗记,第六出,六犯清音,否,50,翠,咱拾翠他 ,咱拾翠他 含羞,正文
34,紫钗记,第六出,六犯清音,否,50,翠,翠眉低,翠眉低,正文
34,紫钗记,第六出,六犯清音,否,50,翠,他 翠袖迎,偏似他 翠袖迎风糁落梅,正文
35,紫钗记,第六出,尾声,否,51,蓝,蓝桥相,蓝桥相见夜深还,下场诗
0,紫钗记,第七出,捣练子,否,52
0,紫钗记,第七出,如梦令,否,53
36,紫钗记,第七出,普天乐,否,54,金,金钗坠,金钗坠,正文
37,紫钗记,第七出,不是路,否,55,紫,坠钗紫玉燕,但拾得坠钗紫玉燕一枝,正文
37,紫钗记,第七出,不是路,否,55,紫,一枝紫玉钗,好一枝紫玉钗也,正文
38,紫钗记,第七出,啄木公子,否,56,翠,点 翠圈珠,点 翠圈珠珑嵌的整,正文
38,紫钗记,第七出,啄木公子,否,56,紫,透紫琼枝,透紫琼枝,正文
38,紫钗记,第七出,啄木公子,否,56,红,日漾红冰 ,似 阑干日漾红冰,正文
39,紫钗记,第七出,啄木公子,是,57,红,红润偷,红润偷归翠袖擎,正文
39,紫钗记,第七出,啄木公子,是,57,翠,偷归翠袖擎,红润偷归翠袖擎,正文
40,紫钗记,第七出,好姐姐,否,58,红,般、红鸾凑,恁般、红鸾凑成,正文
41,紫钗记,第七出,好姐姐,是,59,白,自有白璧一,彼时自有白璧一双为献也,正文
42,紫钗记,第七出,尾声,否,60,红,里系红丝,不须千里系红丝,下场诗
0,紫钗记,第八出,薄幸,否,61
0,紫钗记,第八出,应天长,否,62
43,紫钗记,第八出,字字锦,否,63,白,梅花白,月向梅花白,正文
43,紫钗记,第八出,字字锦,否,63,金,人赴金钗会,人赴金钗会,正文
44,紫钗记,第八出,字字锦,是,64,黄,个 黄昏自,领取个 黄昏自在,正文
45,紫钗记,第八出,入赚,否,65,紫,爱戴紫玉燕,小玉姐爱戴紫玉燕钗,正文
45,紫钗记,第八出,入赚,否,65,青,着踏青挑菜,准望着踏青挑菜,正文
45,紫钗记,第八出,入赚,否,65,金,金 莲,金 莲步躧,正文
45,紫钗记,第八出,入赚,否,65,朱,是他朱门外,早是他朱门外,正文
45,紫钗记,第八出,入赚,否,65,金,有甚金钗客,有甚金钗客,正文
0,紫钗记,第八出,雪狮子,否,66
0,紫钗记,第八出,雪狮子,是,67
0,紫钗记,第八出,隔尾,否,68
0,紫钗记,第八出,一翦梅,否,69
0,紫钗记,第八出,宜春令,否,70
0,紫钗记,第八出,宜春令,是,71
0,紫钗记,第八出,宜春令,是,72
0,紫钗记,第八出,宜春令,是,73
0,紫钗记,第八出,一翦梅,否,74
46,紫钗记,第八出,绣带儿,否,75,兰,不是兰香 ,想仙姬不是兰香,正文
47,紫钗记,第八出,绣带儿,是,76,兰,恨玉兰空孕,恨玉兰空孕莲花,正文
47,紫钗记,第八出,绣带儿,是,76,银,银河畔,银河畔鹊桥亲踏,正文
48,紫钗记,第八出,绣带儿,是,77,青,青春不,青春不多也二八,正文
48,紫钗记,第八出,绣带儿,是,77,白,是 白玉无,便道是 白玉无瑕,正文
48,紫钗记,第八出,绣带儿,是,77,青,青春有,青春有价,正文
49,紫钗记,第八出,绣带儿,是,78,白,亲行白忙闲,母亲行白忙闲话,正文
50,紫钗记,第八出,太师引,否,79,翠,他 翠袖笼,急寻着被他 翠袖笼拿,正文
50,紫钗记,第八出,太师引,否,79,青,他 青春大,说他 青春大,正文
0,紫钗记,第八出,太师引,是,80
0,紫钗记,第八出,三学士,否,81
0,紫钗记,第八出,三学士,是,82
51,紫钗记,第八出,三学士,是,83,翠, 翠气生,翠气生香春一把,正文
52,紫钗记,第八出,三学士,是,84,翠,灯摇翠霞,这是那 月夜春灯摇翠霞,正文
52,紫钗记,第八出,三学士,是,84,青,一骑青丝马,可有 乘龙一骑青丝马,正文
52,紫钗记,第八出,三学士,是,84,绿,双飞绿鬓鸦,配上咱 插燕双飞绿鬓鸦,正文
53,紫钗记,第八出,尾声,否,85,白,有 白璧成,他还有 白璧成双锦上花,正文
0,紫钗记,第九出,思越人,否,86
0,紫钗记,第九出,莺集林春,否,87
0,紫钗记,第九出,莺集林春,是,88
0,紫钗记,第九出,四犯莺儿,否,89
54,紫钗记,第九出,四犯莺儿,是,90,红,处少红一捻,甚处少红一捻,正文
0,紫钗记,第九出,懒画眉,否,91
55,紫钗记,第九出,懒画眉,是,92,粉,傅粉人才,傅粉人才艳绮罗,正文
55,紫钗记,第九出,懒画眉,是,92,翠, 画翠蛾 ,成就你 玉镜台前去 画翠蛾,正文
56,紫钗记,第九出,醉罗歌,否,93,粉,了 粉红涴,露 春纤弹去了 粉红涴,正文
56,紫钗记,第九出,醉罗歌,否,93,红, 粉红涴 ,露 春纤弹去了 粉红涴,正文
57,紫钗记,第九出,醉罗歌,是,94,金, 千金买得,千金买得春宵着,正文
57,紫钗记,第九出,醉罗歌,是,94,金,不的金鞍骏,少不的金鞍骏马,正文
57,紫钗记,第九出,醉罗歌,是,94,红,十红拖地,十红拖地送媒婆,正文
58,紫钗记,第九出,尾声,否,95,乌,传来乌鹊喜,传来乌鹊喜,下场诗
0,紫钗记,第十出,玩仙灯,否,96
0,紫钗记,第十出,小蓬莱,否,97
59,紫钗记,第十出,驻马听,否,98,银,实少银鞍照,实少银鞍照路衢,正文
59,紫钗记,第十出,驻马听,否,98,金,金鞍玉,金鞍玉辔,正文
60,紫钗记,第十出,驻马听,是,99,银,银鞍绣,银鞍绣帕须全具,正文
61,紫钗记,第十出,前后,否,100,青,合樵青伴钓,只合樵青伴钓徒,正文
61,紫钗记,第十出,前后,否,100,绿,有绿鞲文,有绿鞲文帻,正文
0,紫钗记,第十出,前后,是,101
62,紫钗记,第十出,尾声,否,102,黄,了 黄金屋,只愿你人马 平安稳坐了 黄金屋,正文
62,紫钗记,第十出,尾声,否,102,金, 黄金屋,只愿你人马 平安稳坐了 黄金屋,正文
63,紫钗记,第十一出,番卜算,否,103,红,觉唇红退,睡觉唇红退,正文
64,紫钗记,第十一出,菩萨蛮,否,104,红,线摇红睡 ,枕痕一线摇红睡,正文
0,紫钗记,第十一出,五供养,否,105
0,紫钗记,第十一出,五供养,是,106
65,紫钗记,第十一出,金珑璁,否,107,金,金珑璁,金珑璁,曲牌
65,紫钗记,第十一出,金珑璁,否,107,粉,频敲粉 ,花氲蝶翅频敲粉,正文
65,紫钗记,第十一出,金珑璁,否,107,绿, 绿枝么,绿枝么凤拍,正文
65,紫钗记,第十一出,金珑璁,否,107,翠,翠掩重,翠掩重门春睡懒,正文
65,紫钗记,第十一出,金珑璁,否,107,金,困金钗,困金钗,正文
66,紫钗记,第十一出,玉交枝,否,108,银,背银缸暗,背银缸暗擘瑶钗,正文
66,紫钗记,第十一出,玉交枝,否,108,金,刻千金浼 ,春宵一刻千金浼,正文
66,紫钗记,第十一出,玉交枝,否,108,红,连环红襦懊,结连环红襦懊解,正文
0,紫钗记,第十一出,玉交枝,是,109
0,紫钗记,第十一出,沉醉东风,否,110
67,紫钗记,第十一出,沉醉东风,是,111,红,把余红 偷,把余红 偷觑还猜,正文
68,紫钗记,第十一出,尾声,否,112,白, 明白,咱 去来说与你个 明白,正文
68,紫钗记,第十一出,尾声,否,112,白,奴要白饭,奴要白饭,正文
68,紫钗记,第十一出,尾声,否,112,青,马要青刍 ,马要青刍,正文
68,紫钗记,第十一出,尾声,否,112,白,白面儿,白面儿郎宜俊马,正文
68,紫钗记,第十一出,尾声,否,112,黑,老子黑,马老子黑,正文
68,紫钗记,第十一出,尾声,否,112,黑,脸通黑 ,你们脸通黑,正文
68,紫钗记,第十一出,尾声,否,112,白,白饭青,白饭青刍不见些儿,正文
68,紫钗记,第十一出,尾声,否,112,青,白饭青刍不,白饭青刍不见些儿,正文
0,紫钗记,第十二出,玩仙灯,否,113
69,紫钗记,第十二出,孝顺歌,否,114,白,鸳鸯白马光,借 鸳鸯白马光户闾,正文
69,紫钗记,第十二出,孝顺歌,否,114,紫,闹色紫茸铺,闹色紫茸铺,正文
69,紫钗记,第十二出,孝顺歌,否,114,黄,压胯黄金镀,压胯黄金镀,正文
69,紫钗记,第十二出,孝顺歌,否,114,金,胯黄金镀 ,压胯黄金镀,正文
69,紫钗记,第十二出,孝顺歌,否,114,红,飞香红玉 ,真个 飞香红玉,正文
70,紫钗记,第十二出,孝顺歌,是,115,金,坐凭金騕褭,坐凭金騕褭,下场诗
70,紫钗记,第十二出,孝顺歌,是,115,金,跨 金鞍骏,你跨 金鞍骏驹,正文
70,紫钗记,第十二出,孝顺歌,是,115,绿,拥 绿鞴苍,拥 绿鞴苍奴,正文
71,紫钗记,第十三出,鹊桥仙,否,116,银,绛台银烛吐,绛台银烛吐青烟,正文
71,紫钗记,第十三出,鹊桥仙,否,116,青,烛吐青烟 ,绛台银烛吐青烟,正文
72,紫钗记,第十三出,好事近,否,117,红,红曙卷,红曙卷窗纱,正文
73,紫钗记,第十三出,腊梅花,否,118,红,红线结,红线结姻缘,正文
74,紫钗记,第十三出,窣地锦裆,否,119,红, 春红带醉,春红带醉袖笼鞭,正文
74,紫钗记,第十三出,窣地锦裆,否,119,蓝,玉艳蓝田 ,美人香玉艳蓝田,正文
74,紫钗记,第十三出,窣地锦裆,否,119,翠,楼生翠烟 ,遥望秦楼生翠烟,正文
75,紫钗记,第十三出,掉角儿,否,120,翠,教翡翠闻王,须教翡翠闻王母,正文
75,紫钗记,第十三出,掉角儿,否,120,青,青袍粉,青袍粉面,正文
75,紫钗记,第十三出,掉角儿,否,120,粉,青袍粉面,青袍粉面,正文
76,紫钗记,第十三出,瑞鹤仙,否,121,绿,系绿萝、,系绿萝、千里红丝一线,正文
76,紫钗记,第十三出,瑞鹤仙,否,121,红,千里红丝一,系绿萝、千里红丝一线,正文
76,紫钗记,第十三出,瑞鹤仙,否,121,金,金屏合,金屏合箭,正文
77,紫钗记,第十三出,宝鼎儿,否,122,金,拜谢金王母,拜谢金王母,正文
77,紫钗记,第十三出,宝鼎儿,否,122,红,楼前红烛夜,楼前红烛夜迎人,正文
77,紫钗记,第十三出,宝鼎儿,否,122,蓝,还有蓝田白,小生还有蓝田白玉一双,正文
77,紫钗记,第十三出,宝鼎儿,否,122,白,蓝田白玉一,小生还有蓝田白玉一双,正文
78,紫钗记,第十三出,锦堂月,否,123,红,绣幙红牵,绣幙红牵,正文
78,紫钗记,第十三出,锦堂月,否,123,绿,门楣绿绕,门楣绿绕,正文
79,紫钗记,第十三出,锦堂月,是,124,银,缥缈银鸾映,缥缈银鸾映现,正文
79,紫钗记,第十三出,锦堂月,是,124,蓝,蓝桥试,蓝桥试结良缘,正文
80,紫钗记,第十三出,锦堂月,是,125,青,倚青鸾玉,倚青鸾玉镜妆成,正文
80,紫钗记,第十三出,锦堂月,是,125,金,孔雀金屏中,对孔雀金屏中选,正文
81,紫钗记,第十三出,锦堂月,是,126,翠,翠气生,翠气生烟,正文
81,紫钗记,第十三出,锦堂月,是,126,红,红妆艳,红妆艳日,正文
81,紫钗记,第十三出,锦堂月,是,126,银,银烛影,银烛影河汉秋光,正文
82,紫钗记,第十三出,醉翁子,否,127,红, 把红丝儿,好韶华、长则 把红丝儿 缱恋,正文
82,紫钗记,第十三出,醉翁子,否,127,翠,光买翠钿,何处春光买翠钿,正文
0,紫钗记,第十三出,醉翁子,是,128
83,紫钗记,第十三出,幸幸令,否,129,红,灯花红笑颤,灯花红笑颤,正文
83,紫钗记,第十三出,幸幸令,否,129,金,影耀金蝉 ,环影耀金蝉,正文
84,紫钗记,第十三出,幸幸令,是,130,银,银瓶催,银瓶催漏悄,正文
84,紫钗记,第十三出,幸幸令,是,130,翠,翠袖袅,翠袖袅鬟偏,正文
85,紫钗记,第十三出,尾声,否,131,金,图他金榜挂,图他金榜挂名时,下场诗
0,紫钗记,第十四出,探春令,否,132
0,紫钗记,第十四出,荷叶杯,否,133
86,紫钗记,第十四出,莺啼序,否,134,红,新退红 ,眉州小锦新退红,正文
86,紫钗记,第十四出,莺啼序,否,134,粉,汗粉渍匀,汗粉渍匀 娇莹,正文
87,紫钗记,第十四出,阮郎归,否,135,翠,蛾眉翠淡浓,学画蛾眉翠淡浓,正文
87,紫钗记,第十四出,阮郎归,否,135,绿, 绿纱窗,绿纱窗外晓光催,正文
87,紫钗记,第十四出,阮郎归,否,135,红,一朵红酥旋,一朵红酥旋欲融,正文
87,紫钗记,第十四出,阮郎归,否,135,翠,娇横翠 ,倚新妆 半晌娇横翠,正文
88,紫钗记,第十四出,鹊桥仙,否,136,红, 红壁窥,红壁窥莺,正文
88,紫钗记,第十四出,鹊桥仙,否,136,银,银塘浴,银塘浴翠,正文
88,紫钗记,第十四出,鹊桥仙,否,136,翠,塘浴翠 ,银塘浴翠,正文
88,紫钗记,第十四出,鹊桥仙,否,136,银,忝成银汉匹,天上忝成银汉匹,正文
89,紫钗记,第十四出,玉山儿,否,137,银,银荷上,银荷上绛烛飞辉,正文
90,紫钗记,第十四出,玉山儿,是,138,朱,露华朱邸,露华朱邸,正文
90,紫钗记,第十四出,玉山儿,是,138,金,玉叶金枝 ,自生成玉叶金枝,正文
90,紫钗记,第十四出,玉山儿,是,138,翠,条轻翠,破朝花一条轻翠,正文
91,紫钗记,第十四出,玉山儿,是,139,红,红颜相,红颜相向,正文
92,紫钗记,第十四出,玉山儿,是,140,丹,牡丹春衬,牡丹春衬成多丽,正文
92,紫钗记,第十四出,玉山儿,是,140,翠,梢头翠 ,向 豆蔻梢头翠,正文
93,紫钗记,第十四出,朱奴儿,否,141,朱,朱奴儿,朱奴儿,曲牌
93,紫钗记,第十四出,朱奴儿,否,141,紫,花冠紫泥 ,稳倩取花冠紫泥,正文
0,紫钗记,第十四出,朱奴儿,是,142
0,紫钗记,第十四出,尾声,否,143
94,紫钗记,第十五出,越调蛮牌令,否,144,翠,都止翠华 ,行幸中都止翠华,正文
94,紫钗记,第十五出,越调蛮牌令,否,144,银,新声银甲暖,曲啭新声银甲暖,正文
94,紫钗记,第十五出,越调蛮牌令,否,144,乌,俺家乌儿,到不如俺家乌儿,正文
94,紫钗记,第十五出,越调蛮牌令,否,144,白,取了白玉碾,俺取了白玉碾花罇,正文
94,紫钗记,第十五出,越调蛮牌令,否,144,红,剐红矮几,剐红矮几摆着蕖叶碗数十枚,正文
0,紫钗记,第十六出,忆秦娥,否,145
95,紫钗记,第十六出,春光好,否,146,翠,翠茸点,翠茸点缀花簪,正文
95,紫钗记,第十六出,春光好,否,146,金,掷金钱 ,掷金钱,正文
95,紫钗记,第十六出,春光好,否,146,红,抛红豆 ,抛红豆,正文
0,紫钗记,第十六出,夜游宫,否,147
96,紫钗记,第十六出,浣溪纱,否,148,银,轻打银筝落,轻打银筝落燕泥,正文
97,紫钗记,第十六出,画眉序,否,149,翠,铺翠陌平,铺翠陌平莎茸嫩,正文
97,紫钗记,第十六出,画眉序,否,149,金,垂杨金偃 ,拂画檐垂杨金偃,正文
98,紫钗记,第十六出,黄莺儿,否,150,黄,黄莺儿,黄莺儿,曲牌
98,紫钗记,第十六出,黄莺儿,否,150,红,红妆几,红妆几瓣,正文
99,紫钗记,第十六出,皂罗袍,否,151,金,抛出金缕悬,斜簪抛出金缕悬,正文
99,紫钗记,第十六出,皂罗袍,否,151,翠,晴丝翠烟 ,晴丝翠烟,正文
99,紫钗记,第十六出,皂罗袍,否,151,粉,粉融香,粉融香润,正文
99,紫钗记,第十六出,皂罗袍,否,151,红,几滴红妆面,真珠几滴红妆面,正文
100,紫钗记,第十六出,啄木儿,否,152,银,向 银塘照,和你向 银塘照影分娇面,正文
101,紫钗记,第十六出,玉交枝,否,153,金,绣墩金线 ,坐一答绣墩金线,正文
101,紫钗记,第十六出,玉交枝,否,153,绿,啼断绿杨枝,只为晓莺啼断绿杨枝,正文
101,紫钗记,第十六出,玉交枝,否,153,粉,粉骨碎,粉骨碎身,正文
101,紫钗记,第十六出,玉交枝,否,153,乌,里取乌丝阑,箱盒里取乌丝阑素段三尺,正文
101,紫钗记,第十六出,玉交枝,否,153,乌,乌纱阑,乌纱阑在此,正文
101,紫钗记,第十六出,玉交枝,否,153,翠,中翡翠,云中翡翠,正文
102,紫钗记,第十六出,玉胞肚,否,154,乌,把乌丝阑,把乌丝阑翰 墨收全,正文
103,紫钗记,第十六出,玉山颓,否,155,青,教 青帝长,教 青帝长如愿,正文
104,紫钗记,第十六出,川拨棹,否,156,青,抬青眼,抬青眼,正文
105,紫钗记,第十六出,忆多娇,否,157,翠,阶苔翠班 ,忙归去阶苔翠班,正文
106,紫钗记,第十六出,月上海棠,否,158,红,小样红偏绽,重台小样红偏绽,正文
106,紫钗记,第十六出,月上海棠,否,158,朱,逗了朱门 ,怕逗了朱门,正文
107,紫钗记,第十六出,尾声,否,159,银,银缸斜,银缸斜映晚妆红,下场诗
107,紫钗记,第十六出,尾声,否,159,红,晚妆红,银缸斜映晚妆红,下场诗
107,紫钗记,第十六出,尾声,否,159,青,青春明,青春明月不曾空,下场诗
107,紫钗记,第十六出,尾声,否,159,银,高烧银烛到,咱高烧银烛到更残,正文
108,紫钗记,第十七出,十二时,否,160,银,银瓶泻,银瓶泻水促朝装,正文
108,紫钗记,第十七出,十二时,否,160,红,泪烛红销影,泪烛红销影曙光,正文
108,紫钗记,第十七出,十二时,否,160,翠,身珠翠冷,却怪满身珠翠冷,正文
108,紫钗记,第十七出,十二时,否,160,红,暖醉红乡 ,无人偎暖醉红乡,正文
108,紫钗记,第十七出,十二时,否,160,翠,愁眉翠小,强起愁眉翠小,正文
109,紫钗记,第十七出,绕地游,否,161,青, 青云路,青云路有,正文
110,紫钗记,第十七出,黄莺儿,否,162,黄,黄莺儿,黄莺儿,曲牌
110,紫钗记,第十七出,黄莺儿,否,162,红, 红袖湿,红袖湿夭桃,正文
110,紫钗记,第十七出,黄莺儿,否,162,金,金鞭惜,金鞭惜与,正文
111,紫钗记,第十七出,黄莺儿,是,163,黄,向 黄金榜,向 黄金榜标,正文
111,紫钗记,第十七出,黄莺儿,是,163,金, 黄金榜标,向 黄金榜标,正文
112,紫钗记,第十七出,琥珀坠,否,164,朱,咱 朱门俏,也不管咱 朱门俏待泥金报,正文
112,紫钗记,第十七出,琥珀坠,否,164,金,待泥金报 ,也不管咱 朱门俏待泥金报,正文
0,紫钗记,第十七出,琥珀坠,是,165
0,紫钗记,第十七出,尾声,否,166
113,紫钗记,第十八出,番卜算,否,167,黄, 黄屋去,黄屋去东巡,正文
113,紫钗记,第十八出,番卜算,否,167,紫,紫诏来,紫诏来西尹,正文
0,紫钗记,第十八出,好事近,否,168
114,紫钗记,第十八出,长拍,否,169,紫, 紫诏皇,紫诏皇宣,正文
114,紫钗记,第十八出,长拍,否,169,青,青 衫,青 衫上墨香成阵,正文
114,紫钗记,第十八出,长拍,否,169,红,状元红浪桃,醉你个 状元红浪桃生晕,正文
114,紫钗记,第十八出,长拍,否,169,乌,你 乌帽宫,只望你 乌帽宫花斜插鬓,正文
114,紫钗记,第十八出,长拍,否,169,绿,袍挂绿云,软带垂袍挂绿云,正文
115,紫钗记,第十八出,短拍,否,170,紫,紫荷囊,紫荷囊 金鱼佩那些风韵,正文
115,紫钗记,第十八出,短拍,否,170,金,囊 金鱼佩,紫荷囊 金鱼佩那些风韵,正文
115,紫钗记,第十八出,短拍,否,170,紫,着 紫薇堂,到大来 管掌着 紫薇堂印,正文
0,紫钗记,第十八出,尾声,否,171
116,紫钗记,第十九出,点绛唇,否,172,红,天半红云绽,旗门天半红云绽,正文
117,紫钗记,第十九出,西地锦,否,173,朱,玉带朱颜,锦袍玉带朱颜,正文
0,紫钗记,第十九出,鹧鸪天,否,174
0,紫钗记,第十九出,山花子,否,175
0,紫钗记,第十九出,山花子,是,176
0,紫钗记,第十九出,尾声,否,177
118,紫钗记,第二十出,金珑璁,否,178,金,金珑璁,金珑璁,曲牌
118,紫钗记,第二十出,金珑璁,否,178,绿,绿影暗,绿影暗移鸳甃,正文
119,紫钗记,第二十出,惜分飞,否,179,金,绪拖金缕 ,春愁无绪拖金缕,正文
119,紫钗记,第二十出,惜分飞,否,179,翠,波凝翠盼,望极波凝翠盼,正文
119,紫钗记,第二十出,惜分飞,否,179,金,马泥金字 ,花边立马泥金字,正文
120,紫钗记,第二十出,傍妆台,否,180,青,青春正,青春正幽,正文
0,紫钗记,第二十出,傍妆台,是,181
121,紫钗记,第二十出,傍妆台,是,182,紫,阑住紫骅骝,怕有个做 媒人阑住紫骅骝,正文
122,紫钗记,第二十出,傍妆台,是,183,红, 小红楼 ,占住了 小红楼,正文
123,紫钗记,第二十出,尾声,否,184,金, 泥金喜,泥金喜,正文
123,紫钗记,第二十出,尾声,否,184,红,鸾封红耀手,印押的 鸾封红耀手,正文
124,紫钗记,第二十一出,天下乐,否,185,紫,春光紫禁烟,玉署春光紫禁烟,正文
124,紫钗记,第二十一出,天下乐,否,185,青,青云有,青云有路透朝元,正文
124,紫钗记,第二十一出,天下乐,否,185,黄,日色黄图外,三天日色黄图外,正文
124,紫钗记,第二十一出,天下乐,否,185,绿,云光绿字前,四海云光绿字前,正文
125,紫钗记,第二十一出,卜算子,否,186,紫,香生紫陌喧,姓字香生紫陌喧,正文
0,紫钗记,第二十一出,滴溜子,否,187
0,紫钗记,第二十一出,滴溜子,是,188
126,紫钗记,第二十一出,尾声,否,189,紫,紫陌万,紫陌万人生喜色,下场诗
126,紫钗记,第二十一出,尾声,否,189,青,青云已,青云已是酬恩处,下场诗
127,紫钗记,第二十二出,一落索,否,190,青,带照青春 ,锦袍玉带照青春,正文
0,紫钗记,第二十二出,风帖儿,否,191
0,紫钗记,第二十二出,风帖儿,是,192
128,紫钗记,第二十三出,喜迁莺,否,193,金,文章金马门,盖世文章金马门,正文
128,紫钗记,第二十三出,喜迁莺,否,193,红,红妆向,红妆向晚,正文
129,紫钗记,第二十三出,二郎神,否,194,金,熏彻金猊烬,熏彻金猊烬冷,正文
130,紫钗记,第二十三出,二郎神,是,195,翠,袖儿翠腻,别时呵衫 袖儿翠腻,正文
130,紫钗记,第二十三出,二郎神,是,195,翠,光展翠眉相,逗 风光展翠眉相领,正文
0,紫钗记,第二十三出,玩仙灯,否,196
131,紫钗记,第二十三出,喜迁莺,否,197,金,奉泥金之报,阙奉泥金之报,正文
131,紫钗记,第二十三出,喜迁莺,否,197,绿,宫里绿 ,袍香宫里绿,正文
131,紫钗记,第二十三出,喜迁莺,否,197,红,状元红 ,春色状元红,正文
0,紫钗记,第二十三出,画眉序,否,198
132,紫钗记,第二十三出,画眉序,是,199,金, 雀金屏 ,曾中 雀金屏,正文
0,紫钗记,第二十三出,画眉序,是,200
133,紫钗记,第二十三出,画眉序,是,201,金,报知金马客,报知金马客,正文
133,紫钗记,第二十三出,画眉序,是,201,翠,翠翘花,翠翘花胜,正文
133,紫钗记,第二十三出,画眉序,是,201,红,日边红杏 ,春风燕日边红杏,正文
0,紫钗记,第二十三出,滴溜子,否,202
134,紫钗记,第二十三出,鲍老催,否,203,绿,绿 衣,绿 衣郎近得红妆敬,正文
134,紫钗记,第二十三出,鲍老催,否,203,红,近得红妆敬,绿 衣郎近得红妆敬,正文
0,紫钗记,第二十三出,双声子,否,204
135,紫钗记,第二十三出,尾声,否,205,朱,朱衣头,朱衣头踏引春骢,下场诗
135,紫钗记,第二十三出,尾声,否,205,金,屏开金孔雀,果称屏开金孔雀,下场诗
135,紫钗记,第二十三出,尾声,否,205,绿,得 绿暗红,则怕少不得 绿暗红稀出凤城,正文
135,紫钗记,第二十三出,尾声,否,205,红,绿暗红稀出,则怕少不得 绿暗红稀出凤城,正文
0,紫钗记,第二十四出,步步娇,否,206
136,紫钗记,第二十四出,谒金门,否,207,金,谒金门,谒金门,曲牌
136,紫钗记,第二十四出,谒金门,否,207,红,窗前红袖滴,小玉窗前红袖滴,正文
137,紫钗记,第二十四出,醉扶归,否,208,金,摆亚金泥蝶,乱 花风摆亚金泥蝶,正文
138,紫钗记,第二十四出,醉扶归,是,209,翠,的 翠波斜,昨宵 灯儿下 打贴的 翠波斜,正文
139,紫钗记,第二十四出,女冠子,否,210,红,镜台红泪雨,镜台红泪雨,正文
0,紫钗记,第二十四出,古女冠子,否,211
0,紫钗记,第二十四出,古女冠子,是,212
140,紫钗记,第二十四出,古女冠子,是,213,乌,桂树乌 ,子母空啼桂树乌,正文
0,紫钗记,第二十四出,古女冠子,是,214
0,紫钗记,第二十四出,一撮棹,否,215
141,紫钗记,第二十四出,哭相思尾,否,216,绿,绿窗娇,绿窗娇女隐愁眉,下场诗
142,紫钗记,第二十五出,金珑璁,否,217,金,金珑璁,金珑璁,曲牌
142,紫钗记,第二十五出,金珑璁,否,217,紫,看 紫骝开,看 紫骝开道路,正文
0,紫钗记,第二十五出,好事近,否,218
0,紫钗记,第二十五出,北点绛唇,否,219
0,紫钗记,第二十五出,北寄生草,否,220
0,紫钗记,第二十五出,北寄生草,是,221
143,紫钗记,第二十五出,北寄生草,是,222,红,颊垂红缕 ,慢颊垂红缕,正文
143,紫钗记,第二十五出,北寄生草,是,222,红,溅湿红销雾,珠盘溅湿红销雾,正文
144,紫钗记,第二十五出,北寄生草,是,223,翠,颦 翠怯舒,长颦 翠怯舒,正文
144,紫钗记,第二十五出,北寄生草,是,223,金, 千金一刻,便 千金一刻待何如,正文
145,紫钗记,第二十五出,北寄生草,是,224,绿,寒凝绿 ,则怕 芙蓉帐额寒凝绿,正文
0,紫钗记,第二十五出,北寄生草,是,225
0,紫钗记,第二十五出,解三酲,否,226
0,紫钗记,第二十五出,解三酲,是,227
0,紫钗记,第二十五出,解三酲,是,228
146,紫钗记,第二十五出,解三酲,是,229,朱,来 朱颜认,问归来 朱颜认否,正文
147,紫钗记,第二十五出,解三酲,是,230,红粉,你 红粉楼中,你 红粉楼中一念奴,正文
147,紫钗记,第二十五出,解三酲,是,230,翠,的 翠销封,省可的 翠销封泪,正文
148,紫钗记,第二十五出,解三酲,是,231,翠,轻眉翠,看了你 晕轻眉翠,正文
148,紫钗记,第二十五出,解三酲,是,231,朱,冷唇朱,香冷唇朱,正文
149,紫钗记,第二十五出,生查子,否,232,红,还在红亭僝,到日午还在红亭僝僽也,正文
149,紫钗记,第二十五出,生查子,否,232,红,妇愁红玉 ,思妇愁红玉,正文
0,紫钗记,第二十五出,鹧鸪天,否,233
150,紫钗记,第二十六出,金钱花,否,234,金,金钱花,金钱花,曲牌
150,紫钗记,第二十六出,金钱花,否,234,黄,古月黄云 ,轮台古月黄云,正文
150,紫钗记,第二十六出,金钱花,否,234,黄,黄云,轮台古月黄云,正文
150,紫钗记,第二十六出,金钱花,否,234,红,一点红幡,一点红幡,正文
151,紫钗记,第二十六出,满庭芳,否,235,绿,为问绿窗红,为问绿窗红泪,正文
151,紫钗记,第二十六出,满庭芳,否,235,红,绿窗红泪 ,为问绿窗红泪,正文
151,紫钗记,第二十六出,满庭芳,否,235,青,绾定青衫留,绾定青衫留不得,正文
152,紫钗记,第二十六出,朝元歌,否,236,绿,绿水随,绿水随流轸,正文
152,紫钗记,第二十六出,朝元歌,否,236,黑,黑队奔,黑队奔蛇,正文
153,紫钗记,第二十六出,朝元歌,是,237,翠,阳台翠粉 ,阳台翠粉,正文
153,紫钗记,第二十六出,朝元歌,是,237,粉,台翠粉 ,阳台翠粉,正文
153,紫钗记,第二十六出,朝元歌,是,237,绿,首：绿杨着,咱口占一首：绿杨着水草如烟,正文
153,紫钗记,第二十六出,朝元歌,是,237,白,倚剑白云天,何人倚剑白云天,正文
0,紫钗记,第二十六出,朝元歌,是,238
154,紫钗记,第二十六出,朝元歌,是,239,紫,心期紫阁山,心期紫阁山中月,下场诗
154,紫钗记,第二十六出,朝元歌,是,239,黄,身过黄堆峰,身过黄堆峰上云,下场诗
155,紫钗记,第二十七出,月儿高,否,240,绿,池塘绿皱,池塘绿皱,正文
156,紫钗记,第二十七出,卜算子,否,241,黄,蘸花黄帖 ,懒蘸花黄帖,正文
157,紫钗记,第二十七出,销金帐,否,242,金,销金帐,销金帐,曲牌
157,紫钗记,第二十七出,销金帐,否,242,金,短金钗斜,短金钗斜鬓溜,正文
157,紫钗记,第二十七出,销金帐,否,242,翠,翠浅红,翠浅红深,正文
157,紫钗记,第二十七出,销金帐,否,242,红,翠浅红深,翠浅红深,正文
158,紫钗记,第二十七出,销金帐,是,243,翠,翠湿了,翠湿了 啼痕袖,正文
0,紫钗记,第二十七出,销金帐,是,244
159,紫钗记,第二十七出,销金帐,是,245,青,半枝青梅,书窗外半枝青梅,正文
159,紫钗记,第二十七出,销金帐,是,245,绿, 绿窗尘,绿窗尘覆,正文
160,紫钗记,第二十七出,销金帐,是,246,金,袜刬金钗溜,袜刬金钗溜,正文
160,紫钗记,第二十七出,销金帐,是,246,青,捻 青梅做,走也捻 青梅做嗅,正文
0,紫钗记,第二十七出,销金帐,是,247
161,紫钗记,第二十七出,风入松,否,248,青,青衫上,青衫上阁泪偷流,正文
161,紫钗记,第二十七出,风入松,否,248,金, 万金书 ,待写 万金书,正文
161,紫钗记,第二十七出,风入松,否,248,金, 千金体免,嘱付你 千金体免离忧,正文
162,紫钗记,第二十七出,风入松,是,249,蓝,看 蓝桥遇,看 蓝桥遇仙是有,正文
162,紫钗记,第二十七出,风入松,是,249,白,平白地显,平白地显风流,正文
163,紫钗记,第二十七出,风入松,是,250,金,寻常金币不,寻常金币不着你 求,正文
164,紫钗记,第二十七出,风入松,是,251,青, 付青雀 ,付青雀 传言他即溜,正文
165,紫钗记,第二十七出,尾声,否,252,朱,向朱门领,向朱门领取闲愁,正文
166,紫钗记,第二十八出,点绛唇,否,253,白,风卷白芦,塞外阴风卷白芦,正文
166,紫钗记,第二十八出,点绛唇,否,253,金,金衣瑟,金衣瑟瑟气豪粗,正文
166,紫钗记,第二十八出,点绛唇,否,253,赤,直透赤滨河,片片雪花吹铁甲；直透赤滨河北,正文
167,紫钗记,第二十八出,水底鱼,否,254,白, 白雁黄,白雁黄花,正文
167,紫钗记,第二十八出,水底鱼,否,254,黄,白雁黄花,白雁黄花,正文
167,紫钗记,第二十八出,水底鱼,否,254,黑,尘飞黑海涯,尘飞黑海涯,正文
167,紫钗记,第二十八出,水底鱼,否,254,黑,伙着黑神鸦,伙着黑神鸦,正文
0,紫钗记,第二十八出,清江引,否,255
0,紫钗记,第二十八出,清江引,是,256
168,紫钗记,第二十九出,一枝花,否,257,翠,旗翻翠葆,牙旗翻翠葆,正文
168,紫钗记,第二十九出,一枝花,否,257,金,辕门金甲偃,辕门金甲偃,正文
169,紫钗记,第二十九出,临江仙,否,258,紫,紫塞夜,紫塞夜摇风角,正文
170,紫钗记,第二十九出,满江红,否,259,红,满江红,满江红,曲牌
170,紫钗记,第二十九出,满江红,否,259,青,青丝鞚,青丝鞚,正文
170,紫钗记,第二十九出,满江红,否,259,红,岭上红幡绕,戍楼岭上红幡绕,正文
170,紫钗记,第二十九出,满江红,否,259,青,青青草,青青草,正文
170,紫钗记,第二十九出,满江红,否,259,青,青青草 ,青青草,正文
0,紫钗记,第二十九出,梁州序,否,260
171,紫钗记,第二十九出,梁州序,是,261,绿,绿鬓朱,绿鬓朱颜荣耀,正文
171,紫钗记,第二十九出,梁州序,是,261,朱,绿鬓朱颜荣,绿鬓朱颜荣耀,正文
171,紫钗记,第二十九出,梁州序,是,261,金,金汤生,金汤生 气象,正文
172,紫钗记,第二十九出,梁州序,是,262,金,金字旗,金字旗龙蛇云绕,正文
172,紫钗记,第二十九出,梁州序,是,262,白,李白吓蛮,李白吓蛮之计也,正文
173,紫钗记,第二十九出,梁州序,是,263,金,来附金貂 ,染宫袍来附金貂,正文
174,紫钗记,第二十九出,节节高,否,264,金, 金花贴,金花贴鼓腰,正文
174,紫钗记,第二十九出,节节高,否,264,红,红牙歌,红牙歌板齐来到,正文
175,紫钗记,第二十九出,节节高,是,265,红,红氍队,红氍队里华灯照,正文
176,紫钗记,第二十九出,尾声,否,266,乌,城上乌惊探,城上乌惊探马来,正文
177,紫钗记,第三十出,粉蝶儿,否,267,粉,粉蝶儿,粉蝶儿,曲牌
177,紫钗记,第三十出,粉蝶儿,否,267,粉,回回粉面大,（大河西回回粉面大鼻胡须上,括号
177,紫钗记,第三十出,粉蝶儿,否,267,青,回回青面大,小河西回回青面大鼻胡须上,括号
0,紫钗记,第三十出,新水令,否,268
178,紫钗记,第三十出,一枝花,否,269,黑,番将黑脸领,（吐番将黑脸领众上,括号
178,紫钗记,第三十出,一枝花,否,269,白,当风白兰路,当风白兰路,正文
178,紫钗记,第三十出,一枝花,否,269,兰,风白兰路 ,当风白兰路,正文
178,紫钗记,第三十出,一枝花,否,269,黄,避暑黄杨渡,避暑黄杨渡,正文
178,紫钗记,第三十出,一枝花,否,269,红,阵脚红旗布,阵脚红旗布,正文
178,紫钗记,第三十出,一枝花,否,269,金,剑弹金缕 ,剑弹金缕,正文
179,紫钗记,第三十出,端正好,否,270,黄,日头黄,旗面 日头黄,正文
179,紫钗记,第三十出,端正好,否,270,绿,云头绿,马首 云头绿,正文
179,紫钗记,第三十出,端正好,否,270,黄,札定黄花谷,绕 札定黄花谷,正文
180,紫钗记,第三十出,滚绣球,否,271,青,时节青疏疏,甚时节青疏疏 柳上丝,正文
180,紫钗记,第三十出,滚绣球,否,271,赤,赤溜出,赤溜出律的 决口兔,正文
180,紫钗记,第三十出,滚绣球,否,271,黑,了 黑林郎,咭叭喇 喝番了 黑林郎雕虎,正文
181,紫钗记,第三十出,倘秀才,否,272,碧绿,儿香碧绿 ,酝就了 打辣酥儿香碧绿,正文
182,紫钗记,第三十出,倘秀才,否,273,红,瓜瓤红子乌,东瓜大的 小西瓜瓤红子乌,正文
182,紫钗记,第三十出,倘秀才,否,273,乌,红子乌,东瓜大的 小西瓜瓤红子乌,正文
0,紫钗记,第三十出,尾声,否,274
0,紫钗记,第三十一出,西地锦,否,275
0,紫钗记,第三十一出,一落索,否,276
183,紫钗记,第三十一出,番卜算,否,277,金,雅歌金管按,雅歌金管按投壶,正文
0,紫钗记,第三十一出,惜奴娇,否,278
0,紫钗记,第三十一出,惜奴娇,是,279
184,紫钗记,第三十一出,斗宝蟾,否,280,绿,头新绿 ,鸭头新绿,正文
185,紫钗记,第三十一出,斗宝蟾,是,281,青,半轮青破,等 半轮青破,正文
185,紫钗记,第三十一出,斗宝蟾,是,281,紫,镇 紫瓤浮,镇 紫瓤浮动,正文
185,紫钗记,第三十一出,斗宝蟾,是,281,红,玉绽红,迸玉绽红,正文
0,紫钗记,第三十一出,锦衣香,否,282
0,紫钗记,第三十一出,浆水令,否,283
0,紫钗记,第三十一出,尾声,否,284
0,紫钗记,第三十二出,夜行船,否,285
186,紫钗记,第三十二出,薄幸,否,286,朱,画棨朱门桥,见画棨朱门桥外,正文
187,紫钗记,第三十二出,锣鼓令,否,287,金,的千金赋 ,怎知的千金赋 今人不买,正文
188,紫钗记,第三十二出,锣鼓令,是,288,白,立在白玉阶,曾 如站立在白玉阶,正文
0,紫钗记,第三十二出,余文,否,289
189,紫钗记,第三十三出,念奴娇序,否,290,银,泛滟银河影,泛滟银河影,正文
190,紫钗记,第三十三出,临江仙,否,291,金,金风玉,金风玉露翠华摇,正文
190,紫钗记,第三十三出,临江仙,否,291,翠,玉露翠华摇,金风玉露翠华摇,正文
190,紫钗记,第三十三出,临江仙,否,291,翠,鲛泣翠,暂停鲛泣翠,正文
191,紫钗记,第三十三出,似娘儿,否,292,红,女啼红迸,听 机中织女啼红迸,正文
191,紫钗记,第三十三出,似娘儿,否,292,乌,乌飞凉,乌飞凉夜,正文
192,紫钗记,第三十三出,绕地游,否,293,红,烛闪红妆靓,烛闪红妆靓,正文
192,紫钗记,第三十三出,绕地游,否,293,乌,乌鹊桥,乌鹊桥成上界通,正文
193,紫钗记,第三十三出,念奴娇,否,294,黄,院宇黄昏,院宇黄昏,正文
194,紫钗记,第三十三出,念奴娇,是,295,翠,机丝翠花寒,机丝翠花寒凝,正文
195,紫钗记,第三十三出,念奴娇,是,296,银,缥缈银鸾,那些 缥缈银鸾,正文
195,紫钗记,第三十三出,念奴娇,是,296,乌,参差乌鹊,参差乌鹊,正文
195,紫钗记,第三十三出,念奴娇,是,296,翠,低处翠桥成,断虹低处翠桥成,正文
0,紫钗记,第三十三出,念奴娇,是,297
196,紫钗记,第三十三出,古轮台,否,298,银,秋光银烛画,秋光银烛画围屏,正文
196,紫钗记,第三十三出,古轮台,否,298,金,钿合金钗 ,钿合金钗,正文
0,紫钗记,第三十三出,古轮台,是,299
197,紫钗记,第三十三出,意不尽,否,300,乌,明朝乌鹊到,明朝乌鹊到 人间境,正文
197,紫钗记,第三十三出,意不尽,否,300,青,说向青楼薄,试说向青楼薄幸,正文
197,紫钗记,第三十三出,意不尽,否,300,青,影伫青鸾 ,九微灯影伫青鸾,下场诗
198,紫钗记,第三十四出,北点绛唇,否,301,兰,佐发兰州,一声参佐发兰州,正文
198,紫钗记,第三十四出,北点绛唇,否,301,绿,云映绿油 ,万火屯云映绿油,正文
198,紫钗记,第三十四出,北点绛唇,否,301,紫, 紫塞飞,紫塞飞霜,正文
199,紫钗记,第三十四出,金珑璁,否,302,金,金珑璁,金珑璁,曲牌
0,紫钗记,第三十四出,一江风,否,303
0,紫钗记,第三十四出,一江风,是,304
200,紫钗记,第三十四出,一江风,是,305,黄,道昏黄相,不道昏黄相,正文
200,紫钗记,第三十四出,一江风,是,305,白,人 白发三,照愁人 白发三千丈,正文
201,紫钗记,第三十四出,一江风,是,306,丹青,画笔丹青听用,秋鸿取画笔丹青听用,正文
201,紫钗记,第三十四出,一江风,是,306,粉,中开粉本 ,王会图中开粉本,正文
201,紫钗记,第三十四出,一江风,是,306,丹青,里寄丹青,阳关曲里寄丹青,正文
0,紫钗记,第三十四出,三仙桥,否,307
0,紫钗记,第三十四出,三仙桥,是,308
0,紫钗记,第三十四出,三仙桥,是,309
202,紫钗记,第三十四出,尾声,否,310,乌,乌鹊南,乌鹊南飞终是喜,正文
202,紫钗记,第三十四出,尾声,否,310,白,沙映白描 ,俺这里卷不去的 雪月霜沙映白描,正文
203,紫钗记,第三十五出,宝鼎儿,否,311,紫,关河紫逻 ,万里关河紫逻,正文
203,紫钗记,第三十五出,宝鼎儿,否,311,金,将军金印出,请征西大将军金印出来,正文
204,紫钗记,第三十五出,啄木儿,否,312,赤,心虽赤,心虽赤,正文
205,紫钗记,第三十五出,啄木儿,是,313,银,坐挽银河 ,洗兵风坐挽银河,正文
205,紫钗记,第三十五出,啄木儿,是,313,金,将军金印,俺所佩平西大将军金印,正文
206,紫钗记,第三十五出,三段子,否,314,黄, 黄金斗,黄金斗大,正文
206,紫钗记,第三十五出,三段子,否,314,金, 黄金斗大,黄金斗大,正文
206,紫钗记,第三十五出,三段子,否,314,朱,朱 司,朱 司农用不 着那横文打,正文
0,紫钗记,第三十五出,三段子,是,315
207,紫钗记,第三十五出,归朝欢,否,316,黄,黄宣去,黄宣去把团营押,正文
0,紫钗记,第三十六出,菊花新,否,317
208,紫钗记,第三十六出,河满子,否,318,粉,房坠粉 ,露冷莲房坠粉,正文
0,紫钗记,第三十六出,桂枝香,否,319
0,紫钗记,第三十六出,桂枝香,是,320
209,紫钗记,第三十六出,赚,否,321,朱,报与朱门人,报与朱门人自喜,正文
209,紫钗记,第三十六出,赚,否,321,黄,黄花酌,黄花酌酒相劳你,正文
210,紫钗记,第三十六出,金索挂梧桐,否,322,金,金索挂,金索挂梧桐,曲牌
210,紫钗记,第三十六出,金索挂梧桐,否,322,丹青,手自丹青也 ,原来十郎手自丹青也,正文
210,紫钗记,第三十六出,金索挂梧桐,否,322,翠,层波翠,折尽层波翠,正文
210,紫钗记,第三十六出,金索挂梧桐,否,322,红,知 红妆夜,你只知 红妆夜宴军中美,正文
0,紫钗记,第三十六出,金索挂梧桐,是,323
211,紫钗记,第三十六出,梧桐花,否,324,金,今 金谷田,如今 金谷田园谁料理,正文
212,紫钗记,第三十六出,梧桐花,是,325,黄,的、黄昏泪,勾引的、黄昏泪,正文
213,紫钗记,第三十六出,意不尽,否,326,红粉,画屏红粉渍氤,画屏红粉渍氤氲,下场诗
214,紫钗记,第三十七出,番卜算,否,327,朱,止十朱轮 ,一家何止十朱轮,正文
215,紫钗记,第三十七出,神仗儿,否,328,金,日万金家报,前日万金家报,正文
215,紫钗记,第三十七出,神仗儿,否,328,银,锭花银赏他,取一锭花银赏他,正文
0,紫钗记,第三十七出,琐寒窗,否,329
0,紫钗记,第三十七出,琐寒窗,是,330
0,紫钗记,第三十七出,琐寒窗,是,331
0,紫钗记,第三十七出,琐寒窗,是,332
0,紫钗记,第三十七出,尾声,否,333
216,紫钗记,第三十八出,薄幸,否,334,翠, 翠馆云,翠馆云闲,正文
216,紫钗记,第三十八出,薄幸,否,334,金,梧桐金井 ,梦不断梧桐金井,正文
217,紫钗记,第三十八出,西江月,否,335,翠,终日翠减香,终日翠减香消,正文
217,紫钗记,第三十八出,西江月,否,335,青,自想青楼时,俺因自想青楼时节,正文
218,紫钗记,第三十八出,罗江怨,否,336,翠,香消翠讹 ,香消翠讹,正文
0,紫钗记,第三十八出,香遍满,否,337
0,紫钗记,第三十八出,香遍满,是,338
0,紫钗记,第三十八出,尾声,否,339
219,紫钗记,第三十九出,望远行,否,340,黄,数点黄花,倚 秋窗数点黄花,正文
220,紫钗记,第三十九出,好事近,否,341,红,落尽红衣池,落尽红衣池面,正文
220,紫钗记,第三十九出,好事近,否,341,黄,怕到黄昏独,怕到黄昏独倚门,正文
0,紫钗记,第三十九出,眼儿媚,否,342
221,紫钗记,第三十九出,红衲袄,否,343,红,红衲袄,红衲袄,曲牌
221,紫钗记,第三十九出,红衲袄,否,343,金,侯 金印挂,莫不是定西番把洛阳侯 金印挂,正文
0,紫钗记,第三十九出,红衲袄,是,344
222,紫钗记,第三十九出,红衲袄,是,345,青,超 青鬓华,莫不是玉门关拘的俊班超 青鬓华,正文
222,紫钗记,第三十九出,红衲袄,是,345,红,卿 红泪洒,莫不是望乡台站的个老苏卿 红泪洒,正文
223,紫钗记,第三十九出,红衲袄,是,346,红,上些红臂纱,磨旗峰 转添上些红臂纱,正文
224,紫钗记,第三十九出,泣颜回,否,347,绿,看萼绿华 ,娇看萼绿华,正文
225,紫钗记,第三十九出,泣颜回,是,348,丹, 牡丹芽,俺几年 培养出 牡丹芽,正文
225,紫钗记,第三十九出,泣颜回,是,348,青,分付青鸾 ,待余生分付青鸾,正文
226,紫钗记,第三十九出,榴花泣,否,349,蓝,蓝叶郁,蓝叶郁重重,正文
226,紫钗记,第三十九出,榴花泣,否,349,蓝,蓝花石,蓝花石榴色,正文
0,紫钗记,第三十九出,么篇,否,350
227,紫钗记,第三十九出,渔家犯,否,351,红,窝似红 蕉,晕眉窝似红 蕉心窄狭,正文
227,紫钗记,第三十九出,渔家犯,否,351,金,你插金 花,比似你插金 花招小姐,正文
228,紫钗记,第三十九出,么篇,否,352,银,了 银蜡 ,泪封书 烘破了 银蜡,正文
0,紫钗记,第三十九出,扑灯蛾,否,353
0,紫钗记,第三十九出,扑灯蛾,是,354
229,紫钗记,第三十九出,意不尽,否,355,银,绮窗银烛冷,叶下绮窗银烛冷,下场诗
229,紫钗记,第三十九出,意不尽,否,355,白,花闲白昼,几树好花闲白昼,正文
229,紫钗记,第三十九出,意不尽,否,355,乌,他把乌 丝,你说与他把乌 丝阑诗句冷吟哦,正文
229,紫钗记,第三十九出,意不尽,否,355,黄,草易黄昏,满庭芳草易黄昏,正文
230,紫钗记,第四十出,刮鼓令,否,356,兰,似 兰蕙薰,好腰身似 兰蕙薰,正文
230,紫钗记,第四十出,刮鼓令,否,356,粉,斜 粉面玉,斜 粉面玉纤红衬,正文
230,紫钗记,第四十出,刮鼓令,否,356,红,玉纤红衬,斜 粉面玉纤红衬,正文
231,紫钗记,第四十出,刮鼓令,是,357,黄, 易黄昏,他独自个 易黄昏,正文
231,紫钗记,第四十出,刮鼓令,是,357,翠,恁 翠眉颦,旧模样直恁 翠眉颦,正文
231,紫钗记,第四十出,刮鼓令,是,357,蓝,蓝叶郁,蓝叶郁重重,正文
231,紫钗记,第四十出,刮鼓令,是,357,蓝,蓝花石,蓝花石榴色,正文
232,紫钗记,第四十出,三换头,否,358,粉,笺腻粉 ,称 吴笺腻粉,正文
232,紫钗记,第四十出,三换头,否,358,红,啼 红娇暮,啼 红娇暮云,正文
233,紫钗记,第四十出,三换头,是,359,红,红绵粉,红绵粉絮裛妆啼,下场诗
233,紫钗记,第四十出,三换头,是,359,粉,红绵粉絮裛,红绵粉絮裛妆啼,下场诗
0,紫钗记,第四十一出,字字双,否,360
0,紫钗记,第四十一出,一疋布,否,361
0,紫钗记,第四十一出,宝鼎儿,否,362
234,紫钗记,第四十一出,琐窗儿,否,363,红,女正红妆,俺家中 有淑女正红妆,正文
235,紫钗记,第四十一出,琐窗儿,是,364,粉,玉要粉碎他,便大玉要粉碎他不难,正文
236,紫钗记,第四十一出,琐窗儿,是,365,金,金屋藏,金屋藏娇锦绣丛,下场诗
236,紫钗记,第四十一出,琐窗儿,是,365,翠,笼翡翠,威笼翡翠,正文
0,紫钗记,第四十二出,小蓬莱,否,366
0,紫钗记,第四十二出,南乡子,否,367
237,紫钗记,第四十二出,喜相逢,否,368,紫,归心紫塞三,归心紫塞三千里,正文
237,紫钗记,第四十二出,喜相逢,否,368,绿,引起绿窗红,怕无端引起绿窗红怨,正文
237,紫钗记,第四十二出,喜相逢,否,368,红,绿窗红怨,怕无端引起绿窗红怨,正文
237,紫钗记,第四十二出,喜相逢,否,368,青,薄幸青楼第,你薄幸青楼第一名,正文
237,紫钗记,第四十二出,喜相逢,否,368,青,说俺青楼薄,怎说俺青楼薄幸也,正文
0,紫钗记,第四十二出,雁鱼锦,否,369
238,紫钗记,第四十二出,雁鱼锦,是,370,朱, 朱颜,朱颜,正文
0,紫钗记,第四十二出,雁鱼锦,是,371
0,紫钗记,第四十二出,雁鱼锦,是,372
239,紫钗记,第四十二出,雁鱼锦,是,373,红,的 红丝怎,拨不断的 红丝怎缠,正文
239,紫钗记,第四十二出,雁鱼锦,是,373,红,这红鸾且,这红鸾且 求他宽限,正文
240,紫钗记,第四十二出,金井梧桐,否,374,金,金井梧,金井梧桐,曲牌
240,紫钗记,第四十二出,金井梧桐,否,374,青,定是青楼薄,定是青楼薄幸郎,下场诗
240,紫钗记,第四十二出,金井梧桐,否,374,金, 短金钗,插 上了 短金钗,正文
240,紫钗记,第四十二出,金井梧桐,否,374,白,则道白,口儿 里则道白,正文
240,紫钗记,第四十二出,金井梧桐,否,374,红,送 红颜这,送 红颜这 一段腌臜害,正文
241,紫钗记,第四十三出,望江南,否,375,粉,花新粉黛,有女如花新粉黛,正文
241,紫钗记,第四十三出,望江南,否,375,红,红叶上,红叶上秋阶,正文
241,紫钗记,第四十三出,望江南,否,375,紫,听罢紫鸾人,听罢紫鸾人缥缈,正文
241,紫钗记,第四十三出,望江南,否,375,青,语传青鸟事,语传青鸟事从容,正文
242,紫钗记,第四十三出,刬锹儿,否,376,红,红莲命,红莲命乖,正文
0,紫钗记,第四十三出,刬锹儿,是,377
0,紫钗记,第四十三出,刬锹儿,是,378
243,紫钗记,第四十三出,刬锹儿,是,379,青,鸾凤青丝网,羁縻鸾凤青丝网,下场诗
243,紫钗记,第四十三出,刬锹儿,是,379,翠,头珠翠浓,美玉钗头珠翠浓,下场诗
243,紫钗记,第四十三出,刬锹儿,是,379,红,红丝系,红丝系足好从容,下场诗
243,紫钗记,第四十三出,刬锹儿,是,379,翠,将珠翠现成,常有人将珠翠现成寄买,正文
244,紫钗记,第四十四出,薄幸,否,380,黄,称黄沙雁,称黄沙雁影,正文
0,紫钗记,第四十四出,诉衷情,否,381
0,紫钗记,第四十四出,水底鱼,否,382
245,紫钗记,第四十四出,水底鱼,是,383,赤,一个赤脚老,你观世音一个赤脚老寡妇,正文
246,紫钗记,第四十四出,江儿水,否,384,白,白莲花,白莲花根里来,正文
247,紫钗记,第四十四出,江儿水,是,385,青, 青鸟衔,青鸟衔书去,正文
247,紫钗记,第四十四出,江儿水,是,385,白,白玉郎,白玉郎君连岁去,正文
247,紫钗记,第四十四出,江儿水,是,385,白,头花白,怎得似 东王公相 守到 头花白,正文
247,紫钗记,第四十四出,江儿水,是,385,金,金界暂,金界暂酬香火祝,正文
248,紫钗记,第四十四出,亭前柳,否,386,青,自黯青苔,长自黯青苔,正文
249,紫钗记,第四十四出,一封书,否,387,青,道 青娥有,报道 青娥有意相留待,正文
249,紫钗记,第四十四出,一封书,否,387,乌,怕 乌鹊传,则怕 乌鹊传言也浪猜,正文
249,紫钗记,第四十四出,一封书,否,387,青,余有青蚨三,余有青蚨三百,正文
249,紫钗记,第四十四出,一封书,否,387,金,十二金钗客,惟怜十二金钗客,正文
249,紫钗记,第四十四出,一封书,否,387,青,三百青铜钱,剩有三百青铜钱,正文
0,紫钗记,第四十四出,罗江怨,否,388
0,紫钗记,第四十四出,罗江怨,是,389
250,紫钗记,第四十四出,香柳娘,否,390,翠,珠点翠堪人,衔珠点翠堪人爱,正文
250,紫钗记,第四十四出,香柳娘,否,390,红,裹定红丝,裹定红丝,正文
0,紫钗记,第四十四出,香柳娘,是,391
0,紫钗记,第四十四出,尾声,否,392
251,紫钗记,第四十五出,缕缕金,否,393,金,缕缕金,缕缕金,曲牌
251,紫钗记,第四十五出,缕缕金,否,393,金,玉钗金盒子,玉钗金盒子,正文
251,紫钗记,第四十五出,缕缕金,否,393,朱,火弄朱唇,吹火弄朱唇,正文
251,紫钗记,第四十五出,缕缕金,否,393,粉,气脂粉麝,衣衫气脂粉麝,正文
252,紫钗记,第四十五出,番卜算,否,394,金,平章金落索,平章金落索,正文
252,紫钗记,第四十五出,番卜算,否,394,紫,这是紫玉钗,这是紫玉钗一双,正文
253,紫钗记,第四十五出,太师引,否,395,翠,珠嵌翠粘,玲珑煞珠嵌翠粘,正文
253,紫钗记,第四十五出,太师引,否,395,红,、惬红晕翠,钗头上 那般喜、惬红晕翠眉尖,正文
253,紫钗记,第四十五出,太师引,否,395,翠,红晕翠眉尖,钗头上 那般喜、惬红晕翠眉尖,正文
254,紫钗记,第四十五出,太师引,是,396,青,另的青楼冷,孤另的青楼冷冷,正文
254,紫钗记,第四十五出,太师引,是,396,朱,倒尽朱户炎,折倒尽朱户炎炎,正文
254,紫钗记,第四十五出,太师引,是,396,红,道 红颜薄,可知道 红颜薄命,正文
255,紫钗记,第四十五出,铧锹儿,否,397,红, 啼红万点,想的他 啼红万点,正文
256,紫钗记,第四十五出,铧锹儿,是,398,金,把 金钗盒,把 金钗盒掩,正文
0,紫钗记,第四十五出,铧锹儿,是,399
257,紫钗记,第四十五出,铧锹儿,是,400,金,阿娇金屋,好飞入 阿娇金屋,正文
257,紫钗记,第四十五出,铧锹儿,是,400,青,要 青蚨白,要 青蚨白拈,正文
257,紫钗记,第四十五出,铧锹儿,是,400,白,青蚨白拈,要 青蚨白拈,正文
257,紫钗记,第四十五出,铧锹儿,是,400,乌,头戴乌纱冠,头戴乌纱冠帽,正文
257,紫钗记,第四十五出,铧锹儿,是,400,紫,身穿紫罗袍,身穿紫罗袍,正文
257,紫钗记,第四十五出,铧锹儿,是,400,金,系鞓金宝带,腰系鞓金宝带,正文
257,紫钗记,第四十五出,铧锹儿,是,400,粉,一线粉朝靴,脚踏倒提云一线粉朝靴,正文
257,紫钗记,第四十五出,铧锹儿,是,400,白,面团白微须,面团白微须,正文
257,紫钗记,第四十五出,铧锹儿,是,400,银,谢银一钱,谢银一钱；报信者银二钱,正文
257,紫钗记,第四十五出,铧锹儿,是,400,银,信者银二钱,谢银一钱；报信者银二钱,正文
257,紫钗记,第四十五出,铧锹儿,是,400,金,但求金子倒,但求金子倒回来,正文
257,紫钗记,第四十五出,铧锹儿,是,400,金,卖金须遇,卖金须遇买金人,正文
257,紫钗记,第四十五出,铧锹儿,是,400,金,遇买金人,卖金须遇买金人,正文
257,紫钗记,第四十五出,铧锹儿,是,400,紫,紫玉钗,紫玉钗工费价须百万,正文
257,紫钗记,第四十五出,铧锹儿,是,400,紫,要对紫玉钗,要对紫玉钗,正文
257,紫钗记,第四十五出,铧锹儿,是,400,朱,朱门画,朱门画棨,正文
257,紫钗记,第四十五出,铧锹儿,是,400,金,不畏金吾杖,不畏金吾杖,正文
257,紫钗记,第四十五出,铧锹儿,是,400,紫,紫玉钗,紫玉钗工费价须百万,正文
257,紫钗记,第四十五出,铧锹儿,是,400,紫,要紫玉钗,要紫玉钗用,正文
258,紫钗记,第四十五出,清江引,否,401,红,寄语红颜多,寄语红颜多薄命,下场诗
259,紫钗记,第四十六出,风马儿,否,402,金,彩鸾金帖尾,屏画彩鸾金帖尾,正文
259,紫钗记,第四十六出,风马儿,否,402,红,镜描红燕玉,镜描红燕玉搔头,正文
259,紫钗记,第四十六出,风马儿,否,402,紫,景先紫玉钗,买得侯景先紫玉钗一对在此,正文
260,紫钗记,第四十六出,霜天晓角,否,403,翠,春明翠瓦,春明翠瓦,正文
260,紫钗记,第四十六出,霜天晓角,否,403,青,徘徊青盖拂,徘徊青盖拂 乌纱,正文
260,紫钗记,第四十六出,霜天晓角,否,403,乌,拂 乌纱 ,徘徊青盖拂 乌纱,正文
0,紫钗记,第四十六出,东瓯令,否,404
261,紫钗记,第四十六出,东瓯令,是,405,红,凸来红一寸,注嘴凸来红一寸,正文
261,紫钗记,第四十六出,东瓯令,是,405,粉,粉腮凹,粉腮凹去白三分,正文
261,紫钗记,第四十六出,东瓯令,是,405,白,凹去白三分,粉腮凹去白三分,正文
261,紫钗记,第四十六出,东瓯令,是,405,红,不的红靴脚,则怕踹不的红靴脚太尊,正文
261,紫钗记,第四十六出,东瓯令,是,405,紫,姐要紫玉钗,闻公相家小姐要紫玉钗,正文
261,紫钗记,第四十六出,东瓯令,是,405,红,把红丝系,把红丝系了,正文
261,紫钗记,第四十六出,东瓯令,是,405,金,个细金丝盒,好一个细金丝盒儿,正文
0,紫钗记,第四十六出,狮子序,否,406
262,紫钗记,第四十六出,太平歌,否,407,金,送上金钗价,沿门送上金钗价,正文
262,紫钗记,第四十六出,太平歌,否,407,白,得明白,访得明白,正文
0,紫钗记,第四十六出,赏宫花,否,408
263,紫钗记,第四十六出,绛黄龙,否,409,黄,绛黄龙,绛黄龙,曲牌
0,紫钗记,第四十六出,大圣乐,否,410
264,紫钗记,第四十六出,哭相思,否,411,红,秋风红叶不,秋风红叶不成媒,下场诗
265,紫钗记,第四十七出,行香子,否,412,金,蕙帐金炉冷,蕙帐金炉冷篆烟,正文
265,紫钗记,第四十七出,行香子,否,412,紫,紫玉钗,紫玉钗头,正文
266,紫钗记,第四十七出,玉山莺,否,413,红,时萦红腻香,上头时萦红腻香,正文
267,紫钗记,第四十七出,玉山莺,是,414,红,两处红妆一,两处红妆一处悲,正文
268,紫钗记,第四十七出,桂花锁南枝,否,415,金,把 金钱细,任姹女把 金钱细数,正文
269,紫钗记,第四十七出,小桃红,否,416,红,小桃红,小桃红,曲牌
270,紫钗记,第四十七出,下山虎,否,417,红,一条红线,一条红线,正文
270,紫钗记,第四十七出,下山虎,否,417,青,上 青苔面,觑不上 青苔面,正文
271,紫钗记,第四十七出,醉归迟,否,418,金,一对金钗胡,谁承望 这一对金钗胡串,正文
271,紫钗记,第四十七出,醉归迟,否,418,青,青楼信,青楼信远,正文
271,紫钗记,第四十七出,醉归迟,否,418,红,向 红妆啼,知他向 红妆啼笺,正文
0,紫钗记,第四十七出,忆多娇,否,419
272,紫钗记,第四十七出,哭相思,否,420,丹,杀牡丹时,游人醉杀牡丹时,正文
272,紫钗记,第四十七出,哭相思,否,420,金,金钱还,金钱还自有圆时,正文
272,紫钗记,第四十七出,哭相思,否,420,丹,年牡丹盛开,恭喜今年牡丹盛开,正文
272,紫钗记,第四十七出,哭相思,否,420,金,赋千金这 ,抵多少 买赋千金这 酒十千,正文
272,紫钗记,第四十七出,哭相思,否,420,丹,春牡丹盛开,崇敬寺今春牡丹盛开,正文
272,紫钗记,第四十七出,哭相思,否,420,黄,纱巾黄衫挟,（豪士轻纱巾黄衫挟弩弹骑马跟从数人打猎上,括号
273,紫钗记,第四十八出,锁南枝,否,421,黄,有淡黄清数,可有淡黄清数十瓶,正文
274,紫钗记,第四十八出,锁南枝,是,422,红,红树梢,红树梢,正文
274,紫钗记,第四十八出,锁南枝,是,422,红, 残红稿 ,诗打就 残红稿,正文
275,紫钗记,第四十八出,锁南枝,是,423,青, 青旗上,青旗上,正文
275,紫钗记,第四十八出,锁南枝,是,423,丹,寺牡丹盛开,闻得崇敬寺牡丹盛开,正文
275,紫钗记,第四十八出,锁南枝,是,423,金,所赠金钱作,小弟要将小玉姐所赠金钱作酒,正文
275,紫钗记,第四十八出,锁南枝,是,423,白,以白梃推,以白梃推之,正文
276,紫钗记,第四十八出,锁南枝,是,424,丹,寺牡丹花下,明后日崇敬寺牡丹花下,正文
277,紫钗记,第四十八出,锁南枝,是,425,翠,翡翠娇,翡翠娇,正文
277,紫钗记,第四十八出,锁南枝,是,425,金,金镫宝,金镫宝鞭敲,正文
277,紫钗记,第四十八出,锁南枝,是,425,银,把 银瓶吊,旗亭外把 银瓶吊,正文
277,紫钗记,第四十八出,锁南枝,是,425,黄,困黄粱,困黄粱,正文
277,紫钗记,第四十八出,锁南枝,是,425,丹,赏牡丹,请李十郎去赏牡丹,正文
278,紫钗记,第四十八出,锁南枝,是,426,黄, 掀黄袖,掀黄袖,正文
278,紫钗记,第四十八出,锁南枝,是,426,红,花的红尘飞,看花的红尘飞大道,正文
278,紫钗记,第四十八出,锁南枝,是,426,朱,好共朱颜笑,好共朱颜笑,正文
278,紫钗记,第四十八出,锁南枝,是,426,红,红一点,红一点,正文
278,紫钗记,第四十八出,锁南枝,是,426,金,挥金养客,挥金养客,正文
279,紫钗记,第四十八出,锁南枝,是,427,红, 欹红袖,欹红袖,正文
279,紫钗记,第四十八出,锁南枝,是,427,翠,亸翠翘,亸翠翘,正文
280,紫钗记,第四十八出,锁南枝,是,428,银, 指银瓶,指银瓶,正文
281,紫钗记,第四十八出,菩萨蛮,否,429,赤,赤阑桥,赤阑桥尽香街直,正文
281,紫钗记,第四十八出,菩萨蛮,否,429,丹,牡丹风外,牡丹风外垂杨碧,正文
281,紫钗记,第四十八出,菩萨蛮,否,429,金,损缕金衣 ,叠损缕金衣,正文
281,紫钗记,第四十八出,菩萨蛮,否,429,黄,黄衫骑,黄衫骑白马,正文
281,紫钗记,第四十八出,菩萨蛮,否,429,白,衫骑白马,黄衫骑白马,正文
281,紫钗记,第四十八出,菩萨蛮,否,429,青,日日青楼下,日日青楼下,正文
281,紫钗记,第四十八出,菩萨蛮,否,429,金,金弹惜,金弹惜流莺,正文
282,紫钗记,第四十八出,绣带儿,否,430,金, 金 杯,金 杯小,正文
282,紫钗记,第四十八出,绣带儿,否,430,青,何处青楼,暗香飞何处青楼,正文
283,紫钗记,第四十八出,白练序,否,431,白,白练序,白练序,曲牌
283,紫钗记,第四十八出,白练序,否,431,金,金屋藏,金屋藏娇,正文
284,紫钗记,第四十八出,醉太平,否,432,金,换典金貂,换典金貂,正文
284,紫钗记,第四十八出,醉太平,否,432,绿,绿杨风,绿杨风老雉媒娇,正文
284,紫钗记,第四十八出,醉太平,否,432,青,猎痕青烧 ,古道猎痕青烧,正文
284,紫钗记,第四十八出,醉太平,否,432,绿, 草绿裙腰,一般儿 草绿裙腰,正文
284,紫钗记,第四十八出,醉太平,否,432,红,花红绣口,花红绣口,正文
285,紫钗记,第四十八出,白练序,否,433,白,白练序,白练序,曲牌
285,紫钗记,第四十八出,白练序,否,433,金,曾赴金钗会,曾赴金钗会几宵,正文
0,紫钗记,第四十八出,醉太平,否,434
286,紫钗记,第四十八出,绛黄龙,否,435,黄,绛黄龙,绛黄龙,曲牌
286,紫钗记,第四十八出,绛黄龙,否,435,绿,他 绿惨红,难听他 绿惨红销,正文
286,紫钗记,第四十八出,绛黄龙,否,435,红,绿惨红销,难听他 绿惨红销,正文
286,紫钗记,第四十八出,绛黄龙,否,435,红,取红绡十,取红绡十匹与四娘,正文
286,紫钗记,第四十八出,绛黄龙,否,435,红,曲醉红绡 ,一曲醉红绡,正文
287,紫钗记,第四十八出,尾声,否,436,金,色冷金蕉 ,你凄凄 切切愁色冷金蕉,正文
287,紫钗记,第四十八出,尾声,否,436,金,看千金笑,花前侧看千金笑,正文
287,紫钗记,第四十八出,尾声,否,436,金,你将金钱半,你将金钱半万,正文
287,紫钗记,第四十八出,尾声,否,436,丹,赏牡丹花去,跟俺崇敬寺赏牡丹花去,正文
287,紫钗记,第四十八出,尾声,否,436,金,坐敲金盏劝,坐敲金盏劝佳人,正文
288,紫钗记,第四十九出,一江风,否,437,红,花恨红腮柳,花恨红腮柳恨眉,正文
288,紫钗记,第四十九出,一江风,否,437,红, 睡红姿,睡红姿,正文
288,紫钗记,第四十九出,一江风,否,437,丹,后牡丹枝 ,形同春后牡丹枝,正文
288,紫钗记,第四十九出,一江风,否,437,绿,绿窗孤,绿窗孤寝难成寐,正文
0,紫钗记,第四十九出,集贤宾,否,438
289,紫钗记,第四十九出,集贤宾,是,439,黄,些 黄淡水,你爱 寒酸呕出些 黄淡水,正文
289,紫钗记,第四十九出,集贤宾,是,439,红,见 红丝,唾花中怕见 红丝,正文
289,紫钗记,第四十九出,集贤宾,是,439,翠,把 翠红排,且恁 消除把 翠红排比,正文
289,紫钗记,第四十九出,集贤宾,是,439,红, 翠红排比,且恁 消除把 翠红排比,正文
290,紫钗记,第四十九出,集贤宾,是,440,朱,任 朱弦网,任 朱弦网遍 尘丝,正文
291,紫钗记,第四十九出,集贤宾,是,441,金,把千金躯爱,你可也 自把千金躯爱惜,正文
291,紫钗记,第四十九出,集贤宾,是,441,红,蘸住红颜图,你 蘸住红颜图后会,正文
291,紫钗记,第四十九出,集贤宾,是,441,翠,好在翠围香,好在翠围香被,正文
292,紫钗记,第四十九出,黄莺儿,否,442,黄,黄莺儿,黄莺儿,曲牌
292,紫钗记,第四十九出,黄莺儿,否,442,黄,着黄衣,着黄衣,正文
293,紫钗记,第四十九出,黄莺儿,是,443,黄,是黄神喜,是黄神喜可知,正文
293,紫钗记,第四十九出,黄莺儿,是,443,金,挥金却有,挥金却有仁,正文
293,紫钗记,第四十九出,黄莺儿,是,443,金,费 金赀访,费 金赀访遗,正文
293,紫钗记,第四十九出,黄莺儿,是,443,金,卜 金钱祷,卜 金钱祷祈,正文
293,紫钗记,第四十九出,黄莺儿,是,443,金,上 金莲配,惹下这 剑天仙托上 金莲配,正文
293,紫钗记,第四十九出,黄莺儿,是,443,红,树少红,舞榭倾欹树少红,正文
293,紫钗记,第四十九出,黄莺儿,是,443,绿,苔攒绿,歌台黯淡苔攒绿,正文
293,紫钗记,第四十九出,黄莺儿,是,443,粉,尘埋粉壁旧,尘埋粉壁旧花钿,正文
294,紫钗记,第四十九出,簇御林,否,444,金,似 金钱夜,似 金钱夜落花容易,正文
294,紫钗记,第四十九出,簇御林,否,444,青,恁 青衣童,恁 青衣童子来传示,正文
295,紫钗记,第四十九出,簇御林,是,445,金,送金钱,送金钱,正文
296,紫钗记,第四十九出,尾声,否,446,金,诏此金钱会,何人诏此金钱会,下场诗
296,紫钗记,第四十九出,尾声,否,446,乌,喜鹊乌鸦总,喜鹊乌鸦总未知,下场诗
297,紫钗记,第五十出,金珑璁,否,447,金,金珑璁,金珑璁,曲牌
298,紫钗记,第五十出,鹧鸪天,否,448,金,艳艳金 ,那得钗头艳艳金,正文
298,紫钗记,第五十出,鹧鸪天,否,448,青,袖向青衫泪,袖向青衫泪满衿,正文
298,紫钗记,第五十出,鹧鸪天,否,448,金,正合金鱼袋,衣箱正合金鱼袋,正文
299,紫钗记,第五十出,江头金桂,否,449,金,江头金桂,江头金桂,曲牌
299,紫钗记,第五十出,江头金桂,否,449,紫,向紫玉 ,向紫玉 啼痕柱欲冰,正文
299,紫钗记,第五十出,江头金桂,否,449,红,红丝缠,红丝缠定,正文
299,紫钗记,第五十出,江头金桂,否,449,红,两条红润,偏他两条红润,正文
300,紫钗记,第五十出,江头金桂,是,450,翠,翠点丝,翠点丝萦,正文
301,紫钗记,第五十出,江头金桂,是,451,红,道 红颜薄,难道 红颜薄命,正文
301,紫钗记,第五十出,江头金桂,是,451,翠, 翠残香,翠残香剩,正文
0,紫钗记,第五十出,江头金桂,是,452
302,紫钗记,第五十出,大迓鼓,否,453,金, 千金肯自,他 千金肯自轻,正文
303,紫钗记,第五十出,大迓鼓,是,454,丹,赏牡丹,请李参军爷赏牡丹,正文
303,紫钗记,第五十出,大迓鼓,是,454,白,数人白梃护,着军校十数人白梃护从,正文
304,紫钗记,第五十一出,窣地锦裆,否,455,丹,见牡丹盛开,偶见牡丹盛开,正文
305,紫钗记,第五十一出,窣地锦裆,是,456,丹,牡丹折一,牡丹折一枝,正文
305,紫钗记,第五十一出,窣地锦裆,是,456,红,大红、桃,大红、桃红、粉红、紫红,正文
305,紫钗记,第五十一出,窣地锦裆,是,456,红,、桃红、粉,大红、桃红、粉红、紫红,正文
305,紫钗记,第五十一出,窣地锦裆,是,456,粉,红、粉红、,大红、桃红、粉红、紫红,正文
305,紫钗记,第五十一出,窣地锦裆,是,456,红,、粉红、紫,大红、桃红、粉红、紫红,正文
305,紫钗记,第五十一出,窣地锦裆,是,456,紫,红、紫红,大红、桃红、粉红、紫红,正文
305,紫钗记,第五十一出,窣地锦裆,是,456,红,、紫红,大红、桃红、粉红、紫红,正文
305,紫钗记,第五十一出,窣地锦裆,是,456,白,白净的,白净的是观音面、佛头青,正文
305,紫钗记,第五十一出,窣地锦裆,是,456,青,佛头青 ,白净的是观音面、佛头青,正文
305,紫钗记,第五十一出,窣地锦裆,是,456,黄,朵官黄微拂,一朵官黄微拂掠,正文
305,紫钗记,第五十一出,窣地锦裆,是,456,红,鞓红髻紫,鞓红髻紫不须看,正文
305,紫钗记,第五十一出,窣地锦裆,是,456,紫,红髻紫不须,鞓红髻紫不须看,正文
305,紫钗记,第五十一出,窣地锦裆,是,456,丹,赏牡丹,冠盖来赏牡丹,正文
306,紫钗记,第五十一出,西地锦引,否,457,翠,奇葩翠捧,艳萼奇葩翠捧,正文
306,紫钗记,第五十一出,西地锦引,否,457,丹,的牡丹也,好盛的牡丹也,正文
306,紫钗记,第五十一出,西地锦引,否,457,红,片云红,一片云红,正文
307,紫钗记,第五十一出,高阳台引,否,458,白,人持白棍拥,（兵校数人持白棍拥生上,括号
307,紫钗记,第五十一出,高阳台引,否,458,金,金界瑞,金界瑞光,正文
307,紫钗记,第五十一出,高阳台引,否,458,丹,牡丹时候,牡丹时候一逢君,正文
307,紫钗记,第五十一出,高阳台引,否,458,翠,翠雾连,翠雾连帷,正文
308,紫钗记,第五十一出,高阳台,否,459,翠, 翠盖笼,翠盖笼娇,正文
308,紫钗记,第五十一出,高阳台,否,459,青,青猊袅,青猊袅韵,正文
308,紫钗记,第五十一出,高阳台,否,459,红,住春红勒迸,殿住春红勒迸,正文
309,紫钗记,第五十一出,高阳台,是,460,紫,渲紫生绯,渲紫生绯,正文
310,紫钗记,第五十一出,高阳台,是,461,黄,鹅黄漾日,鹅黄漾日,正文
310,紫钗记,第五十一出,高阳台,是,461,翠,不似翠苞凝,都 不似翠苞凝凤,正文
310,紫钗记,第五十一出,高阳台,是,461,红,红香醉,红香醉来几瓮,正文
311,紫钗记,第五十一出,高阳台,是,462,赤,赤玉盘,赤玉盘欹,正文
311,紫钗记,第五十一出,高阳台,是,462,粉,痕上粉香弹,指痕上粉香弹动,正文
311,紫钗记,第五十一出,高阳台,是,462,红, 断红偷送,翦下 断红偷送,正文
312,紫钗记,第五十一出,高阳台,是,463,红粉,胭红粉紫,胭红粉紫,正文
312,紫钗记,第五十一出,高阳台,是,463,紫,红粉紫,胭红粉紫,正文
312,紫钗记,第五十一出,高阳台,是,463,白,有白牡丹,有白牡丹一株,正文
312,紫钗记,第五十一出,高阳台,是,463,丹,白牡丹一株,有白牡丹一株,正文
312,紫钗记,第五十一出,高阳台,是,463,红,近 红药天,近 红药天阶,正文
313,紫钗记,第五十一出,高阳台,是,464,青,青心凤,青心凤尾,正文
313,紫钗记,第五十一出,高阳台,是,464,丹,将牡丹联成,就将牡丹联成一绝如何,正文
313,紫钗记,第五十一出,高阳台,是,464,紫,慈恩紫牡丹,争认慈恩紫牡丹,正文
313,紫钗记,第五十一出,高阳台,是,464,丹,紫牡丹 ,争认慈恩紫牡丹,正文
313,紫钗记,第五十一出,高阳台,是,464,黄,豪士黄衫带,豪士黄衫带翦发胡奴捧剑上,括号
313,紫钗记,第五十一出,高阳台,是,464,丹,的牡丹也,好不盛的牡丹也,正文
313,紫钗记,第五十一出,高阳台,是,464,红,红罗一,红罗一尺春风髻,正文
313,紫钗记,第五十一出,高阳台,是,464,翠,翠袖三,翠袖三生日暮魂,正文
314,紫钗记,第五十一出,新水令,否,465,丹, 牡丹风 ,俺则为这 牡丹风 吹起鬓边丝,正文
314,紫钗记,第五十一出,新水令,否,465,金,酒牌金字 ,抵多少 会宾堂酒牌金字,正文
315,紫钗记,第五十一出,南步步娇,否,466,黄,一个黄衫人,一个黄衫人来也,正文
315,紫钗记,第五十一出,南步步娇,否,466,红, 啼红渍,他 镇日里 啼红渍,正文
0,紫钗记,第五十一出,折桂令,否,467
316,紫钗记,第五十一出,江儿水,否,468,黄,黄衫人,黄衫人又来也,正文
316,紫钗记,第五十一出,江儿水,否,468,金,且逐金丸去,且逐金丸去,正文
317,紫钗记,第五十一出,雁儿落,否,469,白,手中白棍儿,看我手中白棍儿么,正文
317,紫钗记,第五十一出,雁儿落,否,469,青,翦络青丝 ,马呵三花 乍翦络青丝,正文
317,紫钗记,第五十一出,雁儿落,否,469,粉,如画粉红姿,奴呵双眉 如画粉红姿,正文
317,紫钗记,第五十一出,雁儿落,否,469,红,画粉红姿,奴呵双眉 如画粉红姿,正文
317,紫钗记,第五十一出,雁儿落,否,469,红粉,将红粉 赠,将红粉 赠男儿家赀,正文
317,紫钗记,第五十一出,雁儿落,否,469,金,里 金谷 ,咱那里 金谷 园难似此,正文
318,紫钗记,第五十一出,侥侥令,否,470,金,龙衣金紫,他 坦腹乘龙衣金紫,正文
318,紫钗记,第五十一出,侥侥令,否,470,紫,衣金紫,他 坦腹乘龙衣金紫,正文
319,紫钗记,第五十一出,收江南,否,471,金,你家金谷园,看你家金谷园去,正文
0,紫钗记,第五十一出,园林好,否,472
320,紫钗记,第五十一出,沽美酒,否,473,黑,着你黑 昆,夹着你黑 昆仑海山使,正文
320,紫钗记,第五十一出,沽美酒,否,473,红,醉染红香弄,这些时那一个不 醉染红香弄晚飔,正文
320,紫钗记,第五十一出,沽美酒,否,473,红, 醉红乡逗,长则在 醉红乡逗人 闲事,正文
0,紫钗记,第五十一出,尾声,否,474
321,紫钗记,第五十二出,怨东风,否,475,翠,翠屏人,翠屏人不稳,正文
0,紫钗记,第五十二出,怨东风,是,476
0,紫钗记,第五十二出,山坡羊,否,477
322,紫钗记,第五十二出,山坡羊,是,478,红,是残红送了,多则 是残红送了春,正文
0,紫钗记,第五十二出,玩仙灯,否,479
323,紫钗记,第五十二出,山桃红,否,480,红,山桃红,山桃红,曲牌
324,紫钗记,第五十二出,山桃红,是,481,黄,气生黄,眉气生黄,正文
0,紫钗记,第五十二出,尾声,否,482
325,紫钗记,第五十二出,不是路,否,483,丹,举桃丹,似 武陵溪上举桃丹,正文
326,紫钗记,第五十二出,不是路,是,484,朱,朱门限,朱门限,正文
326,紫钗记,第五十二出,不是路,是,484,白,也；白梃手,所畏二也；白梃手日夜跟随厮禁,正文
327,紫钗记,第五十二出,不是路,是,485,金,客赴金钱宴,多应客赴金钱宴,正文
0,紫钗记,第五十二出,哭相思,否,486
328,紫钗记,第五十二出,不是路,否,487,金,马嚼金环去,花边马嚼金环去,正文
328,紫钗记,第五十二出,不是路,否,487,金,已送金钱办,咱已送金钱办酒,正文
328,紫钗记,第五十二出,不是路,否,487,黄,征痛黄泉 ,征痛黄泉,正文
328,紫钗记,第五十二出,不是路,否,487,红,你 红丝绽,偶然蘸上你 红丝绽,正文
0,紫钗记,第五十二出,二郎神,否,488
0,紫钗记,第五十二出,二郎神,是,489
329,紫钗记,第五十二出,啭林莺,否,490,红,俺啼红染遍,只 看俺啼红染遍罗衣,正文
0,紫钗记,第五十二出,啭林莺,是,491
330,紫钗记,第五十二出,啄木鹂,否,492,翠, 翠巍巍,翠巍巍许多珍重,正文
331,紫钗记,第五十二出,啄木鹂,是,493,白,个明白去,讨个明白去,正文
332,紫钗记,第五十二出,啼莺儿,否,494,翠,莺打翠真是,笼莺打翠真是奇,正文
333,紫钗记,第五十二出,啼莺儿,是,495,黄,想起黄衫豪,想起黄衫豪客也,正文
333,紫钗记,第五十二出,啼莺儿,是,495,黄,灵心黄衫梦,显灵心黄衫梦奇,正文
334,紫钗记,第五十二出,玉莺儿,否,496,红,玉钗红腻,玉钗红腻,正文
334,紫钗记,第五十二出,玉莺儿,否,496,红,依然红丝系,尚依然红丝系持,正文
334,紫钗记,第五十二出,玉莺儿,否,496,翠,茸香翠,点颜色片茸香翠,正文
335,紫钗记,第五十二出,浣溪沙,否,497,粉,奁脂粉,取镜奁脂粉,正文
335,紫钗记,第五十二出,浣溪沙,否,497,紫,膏拂紫绵,正是浅画香膏拂紫绵,正文
335,紫钗记,第五十二出,浣溪沙,否,497,丹,牡丹花瘦,牡丹花瘦翠云偏,正文
335,紫钗记,第五十二出,浣溪沙,否,497,翠,花瘦翠云偏,牡丹花瘦翠云偏,正文
0,紫钗记,第五十二出,玉莺儿,是,498
336,紫钗记,第五十二出,尾声,否,499,银,剩把银缸照,今宵剩把银缸照,下场诗
336,紫钗记,第五十二出,尾声,否,499,黄,那 黄衫子,梦还真敢是那 黄衫子,正文
336,紫钗记,第五十二出,尾声,否,499,乌,写向乌丝阑,写向乌丝阑凑尾,正文
337,紫钗记,第五十三出,忆多娇,否,500,朱,向 朱门报,向 朱门报知,正文
337,紫钗记,第五十三出,忆多娇,否,500,黄,惹起黄衫豪,到惹起黄衫豪客来与这段烟花结了公案,正文
337,紫钗记,第五十三出,忆多娇,否,500,粉,成齑粉 ,都成齑粉,正文
337,紫钗记,第五十三出,忆多娇,否,500,黄,那黄衫豪,那黄衫豪士虽系隐姓埋名,正文
337,紫钗记,第五十三出,忆多娇,否,500,黄,那黄衫豪,那黄衫豪士虽系隐姓埋名,正文
338,紫钗记,第五十三出,长命女前,否,501,金,了你金钱也,不空费了你金钱也,正文
338,紫钗记,第五十三出,长命女前,否,501,黄,其黄衣豪,其黄衣豪客,正文
338,紫钗记,第五十三出,长命女前,否,501,白,名于白日,皆扬名于白日,正文
338,紫钗记,第五十三出,长命女前,否,501,紫,紫玉钗,紫玉钗一事,正文
339,紫钗记,第五十三出,催拍,否,502,红,采牵红,将去 纳采牵红,正文
339,紫钗记,第五十三出,催拍,否,502,紫,今日紫诰皇,今日紫诰皇宣,正文
340,紫钗记,第五十三出,催拍,是,503,翠,春游翠园,梳妆罢春游翠园,正文
341,紫钗记,第五十三出,催拍,是,504,金,费尽金钱,费尽金钱,正文
0,紫钗记,第五十三出,催拍,是,505
0,紫钗记,第五十三出,催拍,是,506
342,紫钗记,第五十三出,一撮棹,否,507,丹,后牡丹前,花灯 后牡丹前,正文
